stage,model,n_train,n_val,accuracy,macro_f1,status,message
booting_heading,RandomForestClassifier,99,33,0.696969696969697,0.6525495557074504,ok,
booting_heading,GradientBoostingClassifier,99,33,0.696969696969697,0.6564102564102564,ok,
early_vegetative,RandomForestClassifier,99,33,0.6666666666666666,0.6693556443556444,ok,
early_vegetative,GradientBoostingClassifier,99,33,0.8484848484848485,0.8461138861138862,ok,
flowering,RandomForestClassifier,99,33,0.7575757575757576,0.728932178932179,ok,
flowering,GradientBoostingClassifier,99,33,0.7272727272727273,0.7186147186147186,ok,
grain_filling,RandomForestClassifier,99,33,0.6363636363636364,0.6131533963112912,ok,
grain_filling,GradientBoostingClassifier,99,33,0.7272727272727273,0.7224025974025974,ok,
grain_filling_initial,RandomForestClassifier,99,33,0.6363636363636364,0.6142857142857142,ok,
grain_filling_initial,GradientBoostingClassifier,99,33,0.6363636363636364,0.6021678321678322,ok,
maturity_preharvest,RandomForestClassifier,99,33,0.696969696969697,0.6752673796791444,ok,
maturity_preharvest,GradientBoostingClassifier,99,33,0.696969696969697,0.6741702741702742,ok,
sowing,RandomForestClassifier,99,33,0.45454545454545453,0.438974358974359,ok,
sowing,GradientBoostingClassifier,99,33,0.696969696969697,0.7008058608058608,ok,
stem_elongation,RandomForestClassifier,99,33,0.7272727272727273,0.7230769230769231,ok,
stem_elongation,GradientBoostingClassifier,99,33,0.696969696969697,0.6885780885780886,ok,
tillering,RandomForestClassifier,99,33,0.696969696969697,0.6736173767752716,ok,
tillering,GradientBoostingClassifier,99,33,0.7878787878787878,0.7835497835497834,ok,
