stage,model,n_train,n_val,mae,mse,rmse,mape,r2,status,message
booting_heading,RandomForestRegressor,99,33,221.556496969697,67945.6775677715,260.6639168887238,7.413859340949436,0.8829269761945717,ok,
booting_heading,GradientBoostingRegressor,99,33,156.69368736075154,33530.18409387118,183.11249027270418,5.362040450306308,0.9422261992058766,ok,
booting_heading,HistGradientBoostingRegressor,99,33,456.98183039840114,311211.576664014,557.8634032305883,14.240838305178816,0.4637704468106909,ok,
booting_heading,LightGBMRegressor,99,33,421.6940282478661,342633.42804489174,585.3489797077395,13.53383552432566,0.40962938462090104,ok,
booting_heading,XGBoostRegressor,99,33,194.0768647858591,77551.43279046673,278.4805788389322,6.658587448363365,0.8663758893541466,ok,
early_vegetative,RandomForestRegressor,99,33,191.48263939393925,56657.6828123802,238.02874366844898,6.135950919082749,0.9023766266509285,ok,
early_vegetative,GradientBoostingRegressor,99,33,158.5351746068248,39549.833402498574,198.87139915658705,5.286575664482088,0.9318541112079854,ok,
early_vegetative,HistGradientBoostingRegressor,99,33,451.0471794722257,396973.6745497456,630.0584691516698,14.202667593937768,0.31599904343679663,ok,
early_vegetative,LightGBMRegressor,99,33,400.659611177862,291170.29590769793,539.6019791547266,14.268178646211494,0.4983023467499502,ok,
early_vegetative,XGBoostRegressor,99,33,173.16168009671298,53588.12879234198,231.49109873241775,6.17128091888431,0.9076655866513869,ok,
flowering,RandomForestRegressor,99,33,210.91776060606057,70976.7421104802,266.41460566282814,7.221369040944836,0.877704335048483,ok,
flowering,GradientBoostingRegressor,99,33,177.4287627361313,51345.474968026145,226.5953992649148,6.0333556570355595,0.9115297657126609,ok,
flowering,HistGradientBoostingRegressor,99,33,396.7521576120237,289506.92681787594,538.0584789945011,11.768745171901154,0.5011683958647848,ok,
flowering,LightGBMRegressor,99,33,401.3081071987781,274134.22219636827,523.5782865974946,13.067610920461496,0.5276561590092831,ok,
flowering,XGBoostRegressor,99,33,217.40049541935778,98328.80913573825,313.5742482024604,7.761000363561096,0.83057566831642,ok,
grain_filling,RandomForestRegressor,99,33,198.7216393939397,68849.71369846685,262.3922897084951,6.8288952144292665,0.8813692870635111,ok,
grain_filling,GradientBoostingRegressor,99,33,133.25460522973327,34692.94834931221,186.2604315181091,4.294169791211783,0.9402227115341028,ok,
grain_filling,HistGradientBoostingRegressor,99,33,460.48967579300034,436142.7944783777,660.4110799179384,13.25700824269166,0.24850913864824664,ok,
grain_filling,LightGBMRegressor,99,33,436.03769776862606,351058.075812099,592.5015407677005,13.83952137065248,0.39511339149361446,ok,
grain_filling,XGBoostRegressor,99,33,196.42735921223957,73348.5958824061,270.82945903724374,7.011086646031737,0.8736175394929201,ok,
grain_filling_initial,RandomForestRegressor,99,33,212.6107696969697,76999.48920587747,277.4878181215843,7.380326372380591,0.8673269094444742,ok,
grain_filling_initial,GradientBoostingRegressor,99,33,180.7377902835416,64727.45206134981,254.41590371152077,6.11648489376072,0.8884721029018409,ok,
grain_filling_initial,HistGradientBoostingRegressor,99,33,457.30267034216996,404438.9581263535,635.9551541786209,12.512338416723285,0.30313607182235147,ok,
grain_filling_initial,LightGBMRegressor,99,33,421.85618943505034,336423.0957298108,580.0199097701826,12.971633141396378,0.42033002679549547,ok,
grain_filling_initial,XGBoostRegressor,99,33,217.43639115767044,89906.20704837357,299.8436376653231,7.803129484733687,0.8450881366584152,ok,
maturity_preharvest,RandomForestRegressor,99,33,215.26182727272743,85859.48651942992,293.0178945379103,7.245584479917225,0.8520607922529729,ok,
maturity_preharvest,GradientBoostingRegressor,99,33,180.90992595992492,53291.324837323154,230.8491386973821,6.00762154536212,0.9081769913166329,ok,
maturity_preharvest,HistGradientBoostingRegressor,99,33,478.60153370693934,434901.8319748668,659.4708727266632,13.17487653212967,0.2506473649183468,ok,
maturity_preharvest,LightGBMRegressor,99,33,480.62351790017146,429609.7029596197,655.4461861660495,14.712590444166699,0.2597659073828833,ok,
maturity_preharvest,XGBoostRegressor,99,33,193.47350941051135,71455.89478440538,267.3123543430146,7.025999806318341,0.8768787365055157,ok,
sowing,RandomForestRegressor,99,33,240.23462424242416,87386.10866208895,295.6114149725767,8.089149123046584,0.8494303634038214,ok,
sowing,GradientBoostingRegressor,99,33,159.1672707184517,49462.192801297606,222.4009730223715,5.598196241371719,0.9147747335432905,ok,
sowing,HistGradientBoostingRegressor,99,33,476.07883971536006,438971.1783391115,662.5490007079563,14.692173407747386,0.2436357241366568,ok,
sowing,LightGBMRegressor,99,33,470.544387642928,455234.6516861525,674.7107911439927,15.275343537282343,0.2156131321120509,ok,
sowing,XGBoostRegressor,99,33,199.09726322058475,66103.12816341034,257.10528614443217,7.029373614369111,0.8861017599041652,ok,
stem_elongation,RandomForestRegressor,99,33,188.11777878787902,57771.41108257607,240.35684113953585,6.372152421319824,0.9004576298735489,ok,
stem_elongation,GradientBoostingRegressor,99,33,169.40131916858334,41217.63683893609,203.02127188779033,5.866396969669175,0.9289804215428544,ok,
stem_elongation,HistGradientBoostingRegressor,99,33,459.2499997714783,379819.71126634156,616.2951494749424,14.306536335807557,0.34555598397701404,ok,
stem_elongation,LightGBMRegressor,99,33,434.8111771802334,349127.50265454006,590.8701233389112,14.692898960665651,0.39843984352593953,ok,
stem_elongation,XGBoostRegressor,99,33,179.71062534216676,51575.80789534883,227.10307768797153,6.385788018909658,0.9111328931925992,ok,
tillering,RandomForestRegressor,99,33,255.57379393939433,100690.1450695171,317.31710491165944,8.459380666623753,0.8265069954017646,ok,
tillering,GradientBoostingRegressor,99,33,163.19362575013497,41946.40142148083,204.80820643099443,5.758244138656561,0.9277247320512645,ok,
tillering,HistGradientBoostingRegressor,99,33,525.7322170121545,427437.09347072314,653.7867339360162,15.833381304079788,0.26350939735190726,ok,
tillering,LightGBMRegressor,99,33,434.48188309427445,355719.2519280609,596.4220417858992,14.22074802815853,0.3870820052168199,ok,
tillering,XGBoostRegressor,99,33,251.65049664584072,112067.38331283494,334.76466855514326,8.948043146683455,0.8069035749726811,ok,
