model,task,data_type,training_period,validation_period,prediction_period,n_train,n_validation,MAE,RMSE,MAPE,R2,status,artifact_path
GradientBoostingRegressor,stagewise regression (sowing),tabular multi-modal,2020-21..2022-23,2023-24,2024-25,99,33,159.7425,220.4979,5.5873,0.9162,2023-24 hold-out; model selected on this same season (selection-optimistic),models/regression/best_model_sowing.joblib
GradientBoostingRegressor,stagewise regression (early_vegetative),tabular multi-modal,2020-21..2022-23,2023-24,2024-25,99,33,154.9924,195.497,5.0674,0.9341,2023-24 hold-out; model selected on this same season (selection-optimistic),models/regression/best_model_early_vegetative.joblib
GradientBoostingRegressor,stagewise regression (tillering),tabular multi-modal,2020-21..2022-23,2023-24,2024-25,99,33,169.5442,212.9579,5.9284,0.9219,2023-24 hold-out; model selected on this same season (selection-optimistic),models/regression/best_model_tillering.joblib
GradientBoostingRegressor,stagewise regression (stem_elongation),tabular multi-modal,2020-21..2022-23,2023-24,2024-25,99,33,164.5041,200.6911,5.696,0.9306,2023-24 hold-out; model selected on this same season (selection-optimistic),models/regression/best_model_stem_elongation.joblib
GradientBoostingRegressor,stagewise regression (booting_heading),tabular multi-modal,2020-21..2022-23,2023-24,2024-25,99,33,161.15,187.9838,5.4935,0.9391,2023-24 hold-out; model selected on this same season (selection-optimistic),models/regression/best_model_booting_heading.joblib
GradientBoostingRegressor,stagewise regression (flowering),tabular multi-modal,2020-21..2022-23,2023-24,2024-25,99,33,149.8219,200.1165,4.9763,0.931,2023-24 hold-out; model selected on this same season (selection-optimistic),models/regression/best_model_flowering.joblib
GradientBoostingRegressor,stagewise regression (grain_filling_initial),tabular multi-modal,2020-21..2022-23,2023-24,2024-25,99,33,190.0066,260.3015,6.4331,0.8833,2023-24 hold-out; model selected on this same season (selection-optimistic),models/regression/best_model_grain_filling_initial.joblib
GradientBoostingRegressor,stagewise regression (grain_filling),tabular multi-modal,2020-21..2022-23,2023-24,2024-25,99,33,128.2862,178.1283,4.0723,0.9453,2023-24 hold-out; model selected on this same season (selection-optimistic),models/regression/best_model_grain_filling.joblib
GradientBoostingRegressor,stagewise regression (maturity_preharvest),tabular multi-modal,2020-21..2022-23,2023-24,2024-25,99,33,181.4893,230.9065,6.0262,0.9081,2023-24 hold-out; model selected on this same season (selection-optimistic),models/regression/best_model_maturity_preharvest.joblib
GradientBoostingRegressor,combined regression (all stages pooled),tabular multi-modal,2020-21..2022-23,2023-24,2024-25,891,297,104.4707,132.9373,3.3763,0.9695,2023-24 hold-out; selection-optimistic,models/regression/best_combined_model.joblib
"LSTM(2x64, dropout 0.2)",temporal sequence regression (9 stages -> final yield),tabular multi-modal sequence,2020-21..2022-23,2023-24,2024-25,99,33,92.2937,113.3818,3.1244,0.9778,"2023-24 hold-out; best epoch restored; seed 42, byte-reproducible; NOT in temporal CV",models/deep_learning/lstm_yield_model.pt
GradientBoostingClassifier,quintile classification Q1-Q5 (sowing),tabular multi-modal,2020-21..2022-23,2023-24,,99,33,,,,,"2023-24 hold-out; accuracy=0.6667, macro_f1=0.6670",models/classification/best_classifier_sowing.joblib
GradientBoostingClassifier,quintile classification Q1-Q5 (early_vegetative),tabular multi-modal,2020-21..2022-23,2023-24,,99,33,,,,,"2023-24 hold-out; accuracy=0.8182, macro_f1=0.8175",models/classification/best_classifier_early_vegetative.joblib
GradientBoostingClassifier,quintile classification Q1-Q5 (tillering),tabular multi-modal,2020-21..2022-23,2023-24,,99,33,,,,,"2023-24 hold-out; accuracy=0.7879, macro_f1=0.7835",models/classification/best_classifier_tillering.joblib
RandomForestClassifier,quintile classification Q1-Q5 (stem_elongation),tabular multi-modal,2020-21..2022-23,2023-24,,99,33,,,,,"2023-24 hold-out; accuracy=0.7879, macro_f1=0.7875",models/classification/best_classifier_stem_elongation.joblib
RandomForestClassifier,quintile classification Q1-Q5 (booting_heading),tabular multi-modal,2020-21..2022-23,2023-24,,99,33,,,,,"2023-24 hold-out; accuracy=0.7576, macro_f1=0.7479",models/classification/best_classifier_booting_heading.joblib
RandomForestClassifier,quintile classification Q1-Q5 (flowering),tabular multi-modal,2020-21..2022-23,2023-24,,99,33,,,,,"2023-24 hold-out; accuracy=0.7576, macro_f1=0.7307",models/classification/best_classifier_flowering.joblib
GradientBoostingClassifier,quintile classification Q1-Q5 (grain_filling_initial),tabular multi-modal,2020-21..2022-23,2023-24,,99,33,,,,,"2023-24 hold-out; accuracy=0.6364, macro_f1=0.6120",models/classification/best_classifier_grain_filling_initial.joblib
GradientBoostingClassifier,quintile classification Q1-Q5 (grain_filling),tabular multi-modal,2020-21..2022-23,2023-24,,99,33,,,,,"2023-24 hold-out; accuracy=0.7273, macro_f1=0.7224",models/classification/best_classifier_grain_filling.joblib
RandomForestClassifier,quintile classification Q1-Q5 (maturity_preharvest),tabular multi-modal,2020-21..2022-23,2023-24,,99,33,,,,,"2023-24 hold-out; accuracy=0.6970, macro_f1=0.6897",models/classification/best_classifier_maturity_preharvest.joblib
Baseline A: district historical mean,walk-forward temporal CV (baseline),tabular multi-modal,expanding: 2020-21 onward,"2021-22, 2022-23, 2023-24 (3 folds)",,,297,113.6094,155.2535,3.6153,0.9567,"mean over 3 folds; RMSE sd=56.39; forward-chaining, no future data",reports/model_results/temporal_cv_metrics.csv
Baseline B: persistence (last known year),walk-forward temporal CV (baseline),tabular multi-modal,expanding: 2020-21 onward,"2021-22, 2022-23, 2023-24 (3 folds)",,,297,111.9553,158.9563,3.6309,0.9558,"mean over 3 folds; RMSE sd=46.66; forward-chaining, no future data",reports/model_results/temporal_cv_metrics.csv
Baseline C: district identity only,walk-forward temporal CV (baseline),tabular multi-modal,expanding: 2020-21 onward,"2021-22, 2022-23, 2023-24 (3 folds)",,,297,158.7392,189.6569,5.0198,0.9385,"mean over 3 folds; RMSE sd=41.72; forward-chaining, no future data",reports/model_results/temporal_cv_metrics.csv
LightGBMRegressor,walk-forward temporal CV (model),tabular multi-modal,expanding: 2020-21 onward,"2021-22, 2022-23, 2023-24 (3 folds)",,,297,124.507,169.5035,3.9994,0.951,"mean over 3 folds; RMSE sd=33.02; forward-chaining, no future data",reports/model_results/temporal_cv_metrics.csv
RandomForestRegressor,walk-forward temporal CV (model),tabular multi-modal,expanding: 2020-21 onward,"2021-22, 2022-23, 2023-24 (3 folds)",,,297,156.7014,216.7027,4.9799,0.9149,"mean over 3 folds; RMSE sd=90.72; forward-chaining, no future data",reports/model_results/temporal_cv_metrics.csv
GradientBoostingRegressor,walk-forward temporal CV (model),tabular multi-modal,expanding: 2020-21 onward,"2021-22, 2022-23, 2023-24 (3 folds)",,,297,173.3708,222.1059,5.4602,0.9095,"mean over 3 folds; RMSE sd=98.38; forward-chaining, no future data",reports/model_results/temporal_cv_metrics.csv
XGBoostRegressor,walk-forward temporal CV (model),tabular multi-modal,expanding: 2020-21 onward,"2021-22, 2022-23, 2023-24 (3 folds)",,,297,190.2834,267.9704,6.0456,0.8522,"mean over 3 folds; RMSE sd=175.01; forward-chaining, no future data",reports/model_results/temporal_cv_metrics.csv
HistGradientBoostingRegressor,walk-forward temporal CV (model),tabular multi-modal,expanding: 2020-21 onward,"2021-22, 2022-23, 2023-24 (3 folds)",,,297,342.9907,503.187,9.9448,0.4641,"mean over 3 folds; RMSE sd=343.15; forward-chaining, no future data",reports/model_results/temporal_cv_metrics.csv
stage-wise model,within-district skill (raw yield),tabular multi-modal,2020-21..2022-23 (climatology),2023-24,,,297,162.1708,210.9911,,0.9233,district mean removed using training seasons only,reports/model_results/within_district_skill.csv
district historical mean (reference),within-district skill (raw yield),tabular multi-modal,2020-21..2022-23 (climatology),2023-24,,,297,70.2901,90.542,,0.9859,district mean removed using training seasons only,reports/model_results/within_district_skill.csv
stage-wise model,within-district skill (within-district anomaly),tabular multi-modal,2020-21..2022-23 (climatology),2023-24,,,297,162.1708,210.9911,,-4.4342,district mean removed using training seasons only,reports/model_results/within_district_skill.csv
zero anomaly (= district mean),within-district skill (within-district anomaly),tabular multi-modal,2020-21..2022-23 (climatology),2023-24,,,297,70.2901,90.542,,-0.0007,district mean removed using training seasons only,reports/model_results/within_district_skill.csv
xception,CNN wheat growth-stage image classification (5 classes),RGB field images,3647 train images,782 validation images,782 held-out test images,3647,782,,,,,"held-out test accuracy=0.9923, f1=0.9923; SEPARATE EXPERIMENT - not fused into yield models","models/cnn/xception_best.keras (gitignored, 271 MB total)"
densenet121,CNN wheat growth-stage image classification (5 classes),RGB field images,3647 train images,782 validation images,782 held-out test images,3647,782,,,,,"held-out test accuracy=0.9847, f1=0.9846; SEPARATE EXPERIMENT - not fused into yield models","models/cnn/densenet121_best.keras (gitignored, 271 MB total)"
vgg16,CNN wheat growth-stage image classification (5 classes),RGB field images,3647 train images,782 validation images,782 held-out test images,3647,782,,,,,"held-out test accuracy=0.9731, f1=0.9731; SEPARATE EXPERIMENT - not fused into yield models","models/cnn/vgg16_best.keras (gitignored, 271 MB total)"
inceptionv3,CNN wheat growth-stage image classification (5 classes),RGB field images,3647 train images,782 validation images,782 held-out test images,3647,782,,,,,"held-out test accuracy=0.9616, f1=0.9621; SEPARATE EXPERIMENT - not fused into yield models","models/cnn/inceptionv3_best.keras (gitignored, 271 MB total)"
mobilenetv2,CNN wheat growth-stage image classification (5 classes),RGB field images,3647 train images,782 validation images,782 held-out test images,3647,782,,,,,"held-out test accuracy=0.9015, f1=0.8987; SEPARATE EXPERIMENT - not fused into yield models","models/cnn/mobilenetv2_best.keras (gitignored, 271 MB total)"
GradientBoostingRegressor (per stage),2024-25 forecast,tabular multi-modal,2020-21..2022-23,2023-24,2024-25,99,33,,,,,pending_actual_apy - no official district 2024-25 APY; NO metrics computable; 288/297 rows have imputed NDVI,data/processed/prediction_2025_stagewise_predictions.csv
