case_id,district,season_year_start,season_year_end,actual_yield_kg_ha,lstm_predicted_yield_kg_ha,absolute_error,percentage_error
GUJ_AHMEDABAD_2024_2025,Ahmedabad,2024,2025,,2725.786376953125,,
GUJ_AMRELI_2024_2025,Amreli,2024,2025,,3702.75341796875,,
GUJ_ANAND_2024_2025,Anand,2024,2025,,3270.297119140625,,
GUJ_ARVALLI_2024_2025,Arvalli,2024,2025,,3120.53173828125,,
GUJ_BANASKANTHA_2024_2025,Banaskantha,2024,2025,,3127.034423828125,,
GUJ_BHARUCH_2024_2025,Bharuch,2024,2025,,2185.7236328125,,
GUJ_BHAVNAGAR_2024_2025,Bhavnagar,2024,2025,,3259.36962890625,,
GUJ_BOTAD_2024_2025,Botad,2024,2025,,3625.290283203125,,
GUJ_CHHOTA_UDEPUR_2024_2025,Chhota Udepur,2024,2025,,3190.30859375,,
GUJ_DAHOD_2024_2025,Dahod,2024,2025,,2414.798828125,,
GUJ_DANGS_2024_2025,Dangs,2024,2025,,3129.5,,
GUJ_DEVBHOOMI_DWARKA_2024_2025,Devbhoomi Dwarka,2024,2025,,4281.47412109375,,
GUJ_GANDHINAGAR_2024_2025,Gandhinagar,2024,2025,,3624.89892578125,,
GUJ_GIR_SOMNATH_2024_2025,Gir Somnath,2024,2025,,4118.083984375,,
GUJ_JAMNAGAR_2024_2025,Jamnagar,2024,2025,,3986.3896484375,,
GUJ_JUNAGADH_2024_2025,Junagadh,2024,2025,,4132.04638671875,,
GUJ_KACHCHH_2024_2025,Kachchh,2024,2025,,2902.102294921875,,
GUJ_KHEDA_2024_2025,Kheda,2024,2025,,3125.744140625,,
GUJ_MAHISAGAR_2024_2025,Mahisagar,2024,2025,,2988.801513671875,,
GUJ_MEHSANA_2024_2025,Mehsana,2024,2025,,3264.565673828125,,
GUJ_MORBI_2024_2025,Morbi,2024,2025,,3398.87060546875,,
GUJ_NARMADA_2024_2025,Narmada,2024,2025,,2764.483154296875,,
GUJ_NAVSARI_2024_2025,Navsari,2024,2025,,3360.14453125,,
GUJ_PANCHMAHAL_2024_2025,Panchmahal,2024,2025,,2203.677490234375,,
GUJ_PATAN_2024_2025,Patan,2024,2025,,2864.692626953125,,
GUJ_PORBANDAR_2024_2025,Porbandar,2024,2025,,3517.70458984375,,
GUJ_RAJKOT_2024_2025,Rajkot,2024,2025,,3793.704833984375,,
GUJ_SABARKANTHA_2024_2025,Sabarkantha,2024,2025,,3277.959716796875,,
GUJ_SURAT_2024_2025,Surat,2024,2025,,2642.90966796875,,
GUJ_SURENDRANAGAR_2024_2025,Surendranagar,2024,2025,,3217.240966796875,,
GUJ_TAPI_2024_2025,Tapi,2024,2025,,2938.462890625,,
GUJ_VADODARA_2024_2025,Vadodara,2024,2025,,2644.8427734375,,
GUJ_VALSAD_2024_2025,Valsad,2024,2025,,135.736572265625,,
