case_id,district,season_year_start,season_year_end,stage,stage_end_das,actual_yield_kg_ha,predicted_yield_kg_ha,absolute_error,percentage_error,model_name,model_path,features_available_count,weather_available_flag,satellite_available_flag,image_available_flag,cnn_available_flag,actual_available,evaluation_status,prediction_changed_from_previous_stage
GUJ_AHMEDABAD_2024_2025,Ahmedabad,2024,2025,booting_heading,80,,2831.821532851213,,,GradientBoostingRegressor,D:\BIG_Works_Done\Crop_yeild_predictions\models\regression\best_model_booting_heading.joblib,34,1,0,0,0,0,pending_actual_apy,1
GUJ_AMRELI_2024_2025,Amreli,2024,2025,booting_heading,80,,3586.832074959949,,,GradientBoostingRegressor,D:\BIG_Works_Done\Crop_yeild_predictions\models\regression\best_model_booting_heading.joblib,32,1,0,0,0,0,pending_actual_apy,1
GUJ_ANAND_2024_2025,Anand,2024,2025,booting_heading,80,,3173.7510079545514,,,GradientBoostingRegressor,D:\BIG_Works_Done\Crop_yeild_predictions\models\regression\best_model_booting_heading.joblib,34,1,0,0,0,0,pending_actual_apy,1
GUJ_ARVALLI_2024_2025,Arvalli,2024,2025,booting_heading,80,,3112.529106497053,,,GradientBoostingRegressor,D:\BIG_Works_Done\Crop_yeild_predictions\models\regression\best_model_booting_heading.joblib,32,1,0,0,0,0,pending_actual_apy,1
GUJ_BANASKANTHA_2024_2025,Banaskantha,2024,2025,booting_heading,80,,3200.058047444344,,,GradientBoostingRegressor,D:\BIG_Works_Done\Crop_yeild_predictions\models\regression\best_model_booting_heading.joblib,34,1,0,0,0,0,pending_actual_apy,1
GUJ_BHARUCH_2024_2025,Bharuch,2024,2025,booting_heading,80,,2241.4373057451585,,,GradientBoostingRegressor,D:\BIG_Works_Done\Crop_yeild_predictions\models\regression\best_model_booting_heading.joblib,32,1,0,0,0,0,pending_actual_apy,1
GUJ_BHAVNAGAR_2024_2025,Bhavnagar,2024,2025,booting_heading,80,,3344.5949481589146,,,GradientBoostingRegressor,D:\BIG_Works_Done\Crop_yeild_predictions\models\regression\best_model_booting_heading.joblib,34,1,0,0,0,0,pending_actual_apy,1
GUJ_BOTAD_2024_2025,Botad,2024,2025,booting_heading,80,,3187.4017648501153,,,GradientBoostingRegressor,D:\BIG_Works_Done\Crop_yeild_predictions\models\regression\best_model_booting_heading.joblib,32,1,0,0,0,0,pending_actual_apy,1
GUJ_CHHOTA_UDEPUR_2024_2025,Chhota Udepur,2024,2025,booting_heading,80,,3292.6379387043276,,,GradientBoostingRegressor,D:\BIG_Works_Done\Crop_yeild_predictions\models\regression\best_model_booting_heading.joblib,32,1,0,0,0,0,pending_actual_apy,1
GUJ_DAHOD_2024_2025,Dahod,2024,2025,booting_heading,80,,3032.241759100007,,,GradientBoostingRegressor,D:\BIG_Works_Done\Crop_yeild_predictions\models\regression\best_model_booting_heading.joblib,32,1,0,0,0,0,pending_actual_apy,1
GUJ_DANGS_2024_2025,Dangs,2024,2025,booting_heading,80,,3335.2906570400473,,,GradientBoostingRegressor,D:\BIG_Works_Done\Crop_yeild_predictions\models\regression\best_model_booting_heading.joblib,32,1,0,0,0,0,pending_actual_apy,1
GUJ_DEVBHOOMI_DWARKA_2024_2025,Devbhoomi Dwarka,2024,2025,booting_heading,80,,4185.743844786272,,,GradientBoostingRegressor,D:\BIG_Works_Done\Crop_yeild_predictions\models\regression\best_model_booting_heading.joblib,32,1,0,0,0,0,pending_actual_apy,1
GUJ_GANDHINAGAR_2024_2025,Gandhinagar,2024,2025,booting_heading,80,,3424.006475362152,,,GradientBoostingRegressor,D:\BIG_Works_Done\Crop_yeild_predictions\models\regression\best_model_booting_heading.joblib,34,1,0,0,0,0,pending_actual_apy,1
GUJ_GIR_SOMNATH_2024_2025,Gir Somnath,2024,2025,booting_heading,80,,3928.3016651797593,,,GradientBoostingRegressor,D:\BIG_Works_Done\Crop_yeild_predictions\models\regression\best_model_booting_heading.joblib,32,1,0,0,0,0,pending_actual_apy,1
GUJ_JAMNAGAR_2024_2025,Jamnagar,2024,2025,booting_heading,80,,3915.236420976666,,,GradientBoostingRegressor,D:\BIG_Works_Done\Crop_yeild_predictions\models\regression\best_model_booting_heading.joblib,34,1,0,0,0,0,pending_actual_apy,1
GUJ_JUNAGADH_2024_2025,Junagadh,2024,2025,booting_heading,80,,4011.21174132722,,,GradientBoostingRegressor,D:\BIG_Works_Done\Crop_yeild_predictions\models\regression\best_model_booting_heading.joblib,34,1,0,0,0,0,pending_actual_apy,1
GUJ_KACHCHH_2024_2025,Kachchh,2024,2025,booting_heading,80,,2953.3338442548024,,,GradientBoostingRegressor,D:\BIG_Works_Done\Crop_yeild_predictions\models\regression\best_model_booting_heading.joblib,32,1,0,0,0,0,pending_actual_apy,1
GUJ_KHEDA_2024_2025,Kheda,2024,2025,booting_heading,80,,3167.5437090636824,,,GradientBoostingRegressor,D:\BIG_Works_Done\Crop_yeild_predictions\models\regression\best_model_booting_heading.joblib,34,1,0,0,0,0,pending_actual_apy,1
GUJ_MAHISAGAR_2024_2025,Mahisagar,2024,2025,booting_heading,80,,3259.9185099697816,,,GradientBoostingRegressor,D:\BIG_Works_Done\Crop_yeild_predictions\models\regression\best_model_booting_heading.joblib,32,1,0,0,0,0,pending_actual_apy,1
GUJ_MEHSANA_2024_2025,Mehsana,2024,2025,booting_heading,80,,3067.001014309935,,,GradientBoostingRegressor,D:\BIG_Works_Done\Crop_yeild_predictions\models\regression\best_model_booting_heading.joblib,45,1,1,0,0,0,pending_actual_apy,1
GUJ_MORBI_2024_2025,Morbi,2024,2025,booting_heading,80,,3129.0998741643407,,,GradientBoostingRegressor,D:\BIG_Works_Done\Crop_yeild_predictions\models\regression\best_model_booting_heading.joblib,32,1,0,0,0,0,pending_actual_apy,1
GUJ_NARMADA_2024_2025,Narmada,2024,2025,booting_heading,80,,3323.3567086567155,,,GradientBoostingRegressor,D:\BIG_Works_Done\Crop_yeild_predictions\models\regression\best_model_booting_heading.joblib,32,1,0,0,0,0,pending_actual_apy,1
GUJ_NAVSARI_2024_2025,Navsari,2024,2025,booting_heading,80,,3379.350976136817,,,GradientBoostingRegressor,D:\BIG_Works_Done\Crop_yeild_predictions\models\regression\best_model_booting_heading.joblib,32,1,0,0,0,0,pending_actual_apy,1
GUJ_PANCHMAHAL_2024_2025,Panchmahal,2024,2025,booting_heading,80,,2666.3418742779263,,,GradientBoostingRegressor,D:\BIG_Works_Done\Crop_yeild_predictions\models\regression\best_model_booting_heading.joblib,32,1,0,0,0,0,pending_actual_apy,1
GUJ_PATAN_2024_2025,Patan,2024,2025,booting_heading,80,,2992.6120942937796,,,GradientBoostingRegressor,D:\BIG_Works_Done\Crop_yeild_predictions\models\regression\best_model_booting_heading.joblib,34,1,0,0,0,0,pending_actual_apy,1
GUJ_PORBANDAR_2024_2025,Porbandar,2024,2025,booting_heading,80,,3333.2668514979264,,,GradientBoostingRegressor,D:\BIG_Works_Done\Crop_yeild_predictions\models\regression\best_model_booting_heading.joblib,32,1,0,0,0,0,pending_actual_apy,1
GUJ_RAJKOT_2024_2025,Rajkot,2024,2025,booting_heading,80,,3937.013789720756,,,GradientBoostingRegressor,D:\BIG_Works_Done\Crop_yeild_predictions\models\regression\best_model_booting_heading.joblib,34,1,0,0,0,0,pending_actual_apy,1
GUJ_SABARKANTHA_2024_2025,Sabarkantha,2024,2025,booting_heading,80,,3211.5897647210613,,,GradientBoostingRegressor,D:\BIG_Works_Done\Crop_yeild_predictions\models\regression\best_model_booting_heading.joblib,34,1,0,0,0,0,pending_actual_apy,1
GUJ_SURAT_2024_2025,Surat,2024,2025,booting_heading,80,,2902.4953624400655,,,GradientBoostingRegressor,D:\BIG_Works_Done\Crop_yeild_predictions\models\regression\best_model_booting_heading.joblib,34,1,0,0,0,0,pending_actual_apy,1
GUJ_SURENDRANAGAR_2024_2025,Surendranagar,2024,2025,booting_heading,80,,3163.170515918481,,,GradientBoostingRegressor,D:\BIG_Works_Done\Crop_yeild_predictions\models\regression\best_model_booting_heading.joblib,32,1,0,0,0,0,pending_actual_apy,1
GUJ_TAPI_2024_2025,Tapi,2024,2025,booting_heading,80,,3509.426601963687,,,GradientBoostingRegressor,D:\BIG_Works_Done\Crop_yeild_predictions\models\regression\best_model_booting_heading.joblib,32,1,0,0,0,0,pending_actual_apy,1
GUJ_VADODARA_2024_2025,Vadodara,2024,2025,booting_heading,80,,3118.508057230063,,,GradientBoostingRegressor,D:\BIG_Works_Done\Crop_yeild_predictions\models\regression\best_model_booting_heading.joblib,34,1,0,0,0,0,pending_actual_apy,1
GUJ_VALSAD_2024_2025,Valsad,2024,2025,booting_heading,80,,484.8498144584135,,,GradientBoostingRegressor,D:\BIG_Works_Done\Crop_yeild_predictions\models\regression\best_model_booting_heading.joblib,32,1,0,0,0,0,pending_actual_apy,1
GUJ_AHMEDABAD_2024_2025,Ahmedabad,2024,2025,early_vegetative,20,,2526.669866927902,,,GradientBoostingRegressor,D:\BIG_Works_Done\Crop_yeild_predictions\models\regression\best_model_early_vegetative.joblib,43,1,0,1,0,0,pending_actual_apy,1
GUJ_AMRELI_2024_2025,Amreli,2024,2025,early_vegetative,20,,3547.4603375697952,,,GradientBoostingRegressor,D:\BIG_Works_Done\Crop_yeild_predictions\models\regression\best_model_early_vegetative.joblib,41,1,0,1,0,0,pending_actual_apy,1
GUJ_ANAND_2024_2025,Anand,2024,2025,early_vegetative,20,,3025.445551869813,,,GradientBoostingRegressor,D:\BIG_Works_Done\Crop_yeild_predictions\models\regression\best_model_early_vegetative.joblib,43,1,0,1,0,0,pending_actual_apy,1
GUJ_ARVALLI_2024_2025,Arvalli,2024,2025,early_vegetative,20,,3078.534459915197,,,GradientBoostingRegressor,D:\BIG_Works_Done\Crop_yeild_predictions\models\regression\best_model_early_vegetative.joblib,41,1,0,1,0,0,pending_actual_apy,1
GUJ_BANASKANTHA_2024_2025,Banaskantha,2024,2025,early_vegetative,20,,3095.15029774142,,,GradientBoostingRegressor,D:\BIG_Works_Done\Crop_yeild_predictions\models\regression\best_model_early_vegetative.joblib,43,1,0,1,0,0,pending_actual_apy,1
GUJ_BHARUCH_2024_2025,Bharuch,2024,2025,early_vegetative,20,,2119.2526981711603,,,GradientBoostingRegressor,D:\BIG_Works_Done\Crop_yeild_predictions\models\regression\best_model_early_vegetative.joblib,41,1,0,1,0,0,pending_actual_apy,1
GUJ_BHAVNAGAR_2024_2025,Bhavnagar,2024,2025,early_vegetative,20,,3328.8987526563383,,,GradientBoostingRegressor,D:\BIG_Works_Done\Crop_yeild_predictions\models\regression\best_model_early_vegetative.joblib,43,1,0,1,0,0,pending_actual_apy,1
GUJ_BOTAD_2024_2025,Botad,2024,2025,early_vegetative,20,,3257.8081800569003,,,GradientBoostingRegressor,D:\BIG_Works_Done\Crop_yeild_predictions\models\regression\best_model_early_vegetative.joblib,41,1,0,1,0,0,pending_actual_apy,1
GUJ_CHHOTA_UDEPUR_2024_2025,Chhota Udepur,2024,2025,early_vegetative,20,,3205.598994193944,,,GradientBoostingRegressor,D:\BIG_Works_Done\Crop_yeild_predictions\models\regression\best_model_early_vegetative.joblib,41,1,0,1,0,0,pending_actual_apy,1
GUJ_DAHOD_2024_2025,Dahod,2024,2025,early_vegetative,20,,2761.217155540333,,,GradientBoostingRegressor,D:\BIG_Works_Done\Crop_yeild_predictions\models\regression\best_model_early_vegetative.joblib,41,1,0,1,0,0,pending_actual_apy,1
GUJ_DANGS_2024_2025,Dangs,2024,2025,early_vegetative,20,,3159.1072947352623,,,GradientBoostingRegressor,D:\BIG_Works_Done\Crop_yeild_predictions\models\regression\best_model_early_vegetative.joblib,41,1,0,1,0,0,pending_actual_apy,1
GUJ_DEVBHOOMI_DWARKA_2024_2025,Devbhoomi Dwarka,2024,2025,early_vegetative,20,,4152.114826801001,,,GradientBoostingRegressor,D:\BIG_Works_Done\Crop_yeild_predictions\models\regression\best_model_early_vegetative.joblib,41,1,0,1,0,0,pending_actual_apy,1
GUJ_GANDHINAGAR_2024_2025,Gandhinagar,2024,2025,early_vegetative,20,,3443.305607254094,,,GradientBoostingRegressor,D:\BIG_Works_Done\Crop_yeild_predictions\models\regression\best_model_early_vegetative.joblib,43,1,0,1,0,0,pending_actual_apy,1
GUJ_GIR_SOMNATH_2024_2025,Gir Somnath,2024,2025,early_vegetative,20,,3913.1845430913636,,,GradientBoostingRegressor,D:\BIG_Works_Done\Crop_yeild_predictions\models\regression\best_model_early_vegetative.joblib,41,1,0,1,0,0,pending_actual_apy,1
GUJ_JAMNAGAR_2024_2025,Jamnagar,2024,2025,early_vegetative,20,,3985.6843897377466,,,GradientBoostingRegressor,D:\BIG_Works_Done\Crop_yeild_predictions\models\regression\best_model_early_vegetative.joblib,43,1,0,1,0,0,pending_actual_apy,1
GUJ_JUNAGADH_2024_2025,Junagadh,2024,2025,early_vegetative,20,,4024.51943652426,,,GradientBoostingRegressor,D:\BIG_Works_Done\Crop_yeild_predictions\models\regression\best_model_early_vegetative.joblib,43,1,0,1,0,0,pending_actual_apy,1
GUJ_KACHCHH_2024_2025,Kachchh,2024,2025,early_vegetative,20,,2973.437561737611,,,GradientBoostingRegressor,D:\BIG_Works_Done\Crop_yeild_predictions\models\regression\best_model_early_vegetative.joblib,41,1,0,1,0,0,pending_actual_apy,1
GUJ_KHEDA_2024_2025,Kheda,2024,2025,early_vegetative,20,,2986.529808439453,,,GradientBoostingRegressor,D:\BIG_Works_Done\Crop_yeild_predictions\models\regression\best_model_early_vegetative.joblib,43,1,0,1,0,0,pending_actual_apy,1
GUJ_MAHISAGAR_2024_2025,Mahisagar,2024,2025,early_vegetative,20,,3199.3359676119635,,,GradientBoostingRegressor,D:\BIG_Works_Done\Crop_yeild_predictions\models\regression\best_model_early_vegetative.joblib,41,1,0,1,0,0,pending_actual_apy,1
GUJ_MEHSANA_2024_2025,Mehsana,2024,2025,early_vegetative,20,,3080.448647940377,,,GradientBoostingRegressor,D:\BIG_Works_Done\Crop_yeild_predictions\models\regression\best_model_early_vegetative.joblib,54,1,1,1,0,0,pending_actual_apy,1
GUJ_MORBI_2024_2025,Morbi,2024,2025,early_vegetative,20,,3201.1593548522123,,,GradientBoostingRegressor,D:\BIG_Works_Done\Crop_yeild_predictions\models\regression\best_model_early_vegetative.joblib,41,1,0,1,0,0,pending_actual_apy,1
GUJ_NARMADA_2024_2025,Narmada,2024,2025,early_vegetative,20,,3205.598994193944,,,GradientBoostingRegressor,D:\BIG_Works_Done\Crop_yeild_predictions\models\regression\best_model_early_vegetative.joblib,41,1,0,1,0,0,pending_actual_apy,1
GUJ_NAVSARI_2024_2025,Navsari,2024,2025,early_vegetative,20,,3200.997432961714,,,GradientBoostingRegressor,D:\BIG_Works_Done\Crop_yeild_predictions\models\regression\best_model_early_vegetative.joblib,41,1,0,1,0,0,pending_actual_apy,1
GUJ_PANCHMAHAL_2024_2025,Panchmahal,2024,2025,early_vegetative,20,,2366.702394653622,,,GradientBoostingRegressor,D:\BIG_Works_Done\Crop_yeild_predictions\models\regression\best_model_early_vegetative.joblib,41,1,0,1,0,0,pending_actual_apy,1
GUJ_PATAN_2024_2025,Patan,2024,2025,early_vegetative,20,,2880.61855992474,,,GradientBoostingRegressor,D:\BIG_Works_Done\Crop_yeild_predictions\models\regression\best_model_early_vegetative.joblib,43,1,0,1,0,0,pending_actual_apy,1
GUJ_PORBANDAR_2024_2025,Porbandar,2024,2025,early_vegetative,20,,3377.320569895094,,,GradientBoostingRegressor,D:\BIG_Works_Done\Crop_yeild_predictions\models\regression\best_model_early_vegetative.joblib,41,1,0,1,0,0,pending_actual_apy,1
GUJ_RAJKOT_2024_2025,Rajkot,2024,2025,early_vegetative,20,,3851.109274854524,,,GradientBoostingRegressor,D:\BIG_Works_Done\Crop_yeild_predictions\models\regression\best_model_early_vegetative.joblib,43,1,0,1,0,0,pending_actual_apy,1
GUJ_SABARKANTHA_2024_2025,Sabarkantha,2024,2025,early_vegetative,20,,3219.6719174045516,,,GradientBoostingRegressor,D:\BIG_Works_Done\Crop_yeild_predictions\models\regression\best_model_early_vegetative.joblib,43,1,0,1,0,0,pending_actual_apy,1
GUJ_SURAT_2024_2025,Surat,2024,2025,early_vegetative,20,,2839.417111513716,,,GradientBoostingRegressor,D:\BIG_Works_Done\Crop_yeild_predictions\models\regression\best_model_early_vegetative.joblib,43,1,0,1,0,0,pending_actual_apy,1
GUJ_SURENDRANAGAR_2024_2025,Surendranagar,2024,2025,early_vegetative,20,,3078.534459915197,,,GradientBoostingRegressor,D:\BIG_Works_Done\Crop_yeild_predictions\models\regression\best_model_early_vegetative.joblib,41,1,0,1,0,0,pending_actual_apy,1
GUJ_TAPI_2024_2025,Tapi,2024,2025,early_vegetative,20,,3324.4372433396175,,,GradientBoostingRegressor,D:\BIG_Works_Done\Crop_yeild_predictions\models\regression\best_model_early_vegetative.joblib,41,1,0,1,0,0,pending_actual_apy,1
GUJ_VADODARA_2024_2025,Vadodara,2024,2025,early_vegetative,20,,2753.148569037423,,,GradientBoostingRegressor,D:\BIG_Works_Done\Crop_yeild_predictions\models\regression\best_model_early_vegetative.joblib,43,1,0,1,0,0,pending_actual_apy,1
GUJ_VALSAD_2024_2025,Valsad,2024,2025,early_vegetative,20,,816.9392699663356,,,GradientBoostingRegressor,D:\BIG_Works_Done\Crop_yeild_predictions\models\regression\best_model_early_vegetative.joblib,41,1,0,1,0,0,pending_actual_apy,1
GUJ_AHMEDABAD_2024_2025,Ahmedabad,2024,2025,flowering,95,,2903.261937850969,,,GradientBoostingRegressor,D:\BIG_Works_Done\Crop_yeild_predictions\models\regression\best_model_flowering.joblib,43,1,0,1,0,0,pending_actual_apy,1
GUJ_AMRELI_2024_2025,Amreli,2024,2025,flowering,95,,3671.982902431084,,,GradientBoostingRegressor,D:\BIG_Works_Done\Crop_yeild_predictions\models\regression\best_model_flowering.joblib,41,1,0,1,0,0,pending_actual_apy,1
GUJ_ANAND_2024_2025,Anand,2024,2025,flowering,95,,3171.4438478038073,,,GradientBoostingRegressor,D:\BIG_Works_Done\Crop_yeild_predictions\models\regression\best_model_flowering.joblib,43,1,0,1,0,0,pending_actual_apy,1
GUJ_ARVALLI_2024_2025,Arvalli,2024,2025,flowering,95,,3133.1070026150255,,,GradientBoostingRegressor,D:\BIG_Works_Done\Crop_yeild_predictions\models\regression\best_model_flowering.joblib,41,1,0,1,0,0,pending_actual_apy,1
GUJ_BANASKANTHA_2024_2025,Banaskantha,2024,2025,flowering,95,,3207.6395511981686,,,GradientBoostingRegressor,D:\BIG_Works_Done\Crop_yeild_predictions\models\regression\best_model_flowering.joblib,43,1,0,1,0,0,pending_actual_apy,1
GUJ_BHARUCH_2024_2025,Bharuch,2024,2025,flowering,95,,2265.721247364368,,,GradientBoostingRegressor,D:\BIG_Works_Done\Crop_yeild_predictions\models\regression\best_model_flowering.joblib,41,1,0,1,0,0,pending_actual_apy,1
GUJ_BHAVNAGAR_2024_2025,Bhavnagar,2024,2025,flowering,95,,3512.2516835801007,,,GradientBoostingRegressor,D:\BIG_Works_Done\Crop_yeild_predictions\models\regression\best_model_flowering.joblib,43,1,0,1,0,0,pending_actual_apy,1
GUJ_BOTAD_2024_2025,Botad,2024,2025,flowering,95,,3315.8658943308246,,,GradientBoostingRegressor,D:\BIG_Works_Done\Crop_yeild_predictions\models\regression\best_model_flowering.joblib,41,1,0,1,0,0,pending_actual_apy,1
GUJ_CHHOTA_UDEPUR_2024_2025,Chhota Udepur,2024,2025,flowering,95,,3325.4233288429637,,,GradientBoostingRegressor,D:\BIG_Works_Done\Crop_yeild_predictions\models\regression\best_model_flowering.joblib,41,1,0,1,0,0,pending_actual_apy,1
GUJ_DAHOD_2024_2025,Dahod,2024,2025,flowering,95,,3102.456700543474,,,GradientBoostingRegressor,D:\BIG_Works_Done\Crop_yeild_predictions\models\regression\best_model_flowering.joblib,41,1,0,1,0,0,pending_actual_apy,1
GUJ_DANGS_2024_2025,Dangs,2024,2025,flowering,95,,3378.9369507856354,,,GradientBoostingRegressor,D:\BIG_Works_Done\Crop_yeild_predictions\models\regression\best_model_flowering.joblib,41,1,0,1,0,0,pending_actual_apy,1
GUJ_DEVBHOOMI_DWARKA_2024_2025,Devbhoomi Dwarka,2024,2025,flowering,95,,4368.710993727741,,,GradientBoostingRegressor,D:\BIG_Works_Done\Crop_yeild_predictions\models\regression\best_model_flowering.joblib,41,1,0,1,0,0,pending_actual_apy,1
GUJ_GANDHINAGAR_2024_2025,Gandhinagar,2024,2025,flowering,95,,3372.6033422360806,,,GradientBoostingRegressor,D:\BIG_Works_Done\Crop_yeild_predictions\models\regression\best_model_flowering.joblib,43,1,0,1,0,0,pending_actual_apy,1
GUJ_GIR_SOMNATH_2024_2025,Gir Somnath,2024,2025,flowering,95,,3970.187596373149,,,GradientBoostingRegressor,D:\BIG_Works_Done\Crop_yeild_predictions\models\regression\best_model_flowering.joblib,41,1,0,1,0,0,pending_actual_apy,1
GUJ_JAMNAGAR_2024_2025,Jamnagar,2024,2025,flowering,95,,3927.914817951962,,,GradientBoostingRegressor,D:\BIG_Works_Done\Crop_yeild_predictions\models\regression\best_model_flowering.joblib,43,1,0,1,0,0,pending_actual_apy,1
GUJ_JUNAGADH_2024_2025,Junagadh,2024,2025,flowering,95,,4082.707774116441,,,GradientBoostingRegressor,D:\BIG_Works_Done\Crop_yeild_predictions\models\regression\best_model_flowering.joblib,43,1,0,1,0,0,pending_actual_apy,1
GUJ_KACHCHH_2024_2025,Kachchh,2024,2025,flowering,95,,3033.0787969221938,,,GradientBoostingRegressor,D:\BIG_Works_Done\Crop_yeild_predictions\models\regression\best_model_flowering.joblib,41,1,0,1,0,0,pending_actual_apy,1
GUJ_KHEDA_2024_2025,Kheda,2024,2025,flowering,95,,3202.9702747494657,,,GradientBoostingRegressor,D:\BIG_Works_Done\Crop_yeild_predictions\models\regression\best_model_flowering.joblib,43,1,0,1,0,0,pending_actual_apy,1
GUJ_MAHISAGAR_2024_2025,Mahisagar,2024,2025,flowering,95,,3316.3107590188456,,,GradientBoostingRegressor,D:\BIG_Works_Done\Crop_yeild_predictions\models\regression\best_model_flowering.joblib,41,1,0,1,0,0,pending_actual_apy,1
GUJ_MEHSANA_2024_2025,Mehsana,2024,2025,flowering,95,,3095.367761478341,,,GradientBoostingRegressor,D:\BIG_Works_Done\Crop_yeild_predictions\models\regression\best_model_flowering.joblib,54,1,1,1,0,0,pending_actual_apy,1
GUJ_MORBI_2024_2025,Morbi,2024,2025,flowering,95,,3065.360307136058,,,GradientBoostingRegressor,D:\BIG_Works_Done\Crop_yeild_predictions\models\regression\best_model_flowering.joblib,41,1,0,1,0,0,pending_actual_apy,1
GUJ_NARMADA_2024_2025,Narmada,2024,2025,flowering,95,,3329.8805281479886,,,GradientBoostingRegressor,D:\BIG_Works_Done\Crop_yeild_predictions\models\regression\best_model_flowering.joblib,41,1,0,1,0,0,pending_actual_apy,1
GUJ_NAVSARI_2024_2025,Navsari,2024,2025,flowering,95,,3369.0793470592907,,,GradientBoostingRegressor,D:\BIG_Works_Done\Crop_yeild_predictions\models\regression\best_model_flowering.joblib,41,1,0,1,0,0,pending_actual_apy,1
GUJ_PANCHMAHAL_2024_2025,Panchmahal,2024,2025,flowering,95,,2873.26730265766,,,GradientBoostingRegressor,D:\BIG_Works_Done\Crop_yeild_predictions\models\regression\best_model_flowering.joblib,41,1,0,1,0,0,pending_actual_apy,1
GUJ_PATAN_2024_2025,Patan,2024,2025,flowering,95,,3035.203434168991,,,GradientBoostingRegressor,D:\BIG_Works_Done\Crop_yeild_predictions\models\regression\best_model_flowering.joblib,43,1,0,1,0,0,pending_actual_apy,1
GUJ_PORBANDAR_2024_2025,Porbandar,2024,2025,flowering,95,,3315.8658943308246,,,GradientBoostingRegressor,D:\BIG_Works_Done\Crop_yeild_predictions\models\regression\best_model_flowering.joblib,41,1,0,1,0,0,pending_actual_apy,1
GUJ_RAJKOT_2024_2025,Rajkot,2024,2025,flowering,95,,3879.9673313323456,,,GradientBoostingRegressor,D:\BIG_Works_Done\Crop_yeild_predictions\models\regression\best_model_flowering.joblib,43,1,0,1,0,0,pending_actual_apy,1
GUJ_SABARKANTHA_2024_2025,Sabarkantha,2024,2025,flowering,95,,3219.3929409532757,,,GradientBoostingRegressor,D:\BIG_Works_Done\Crop_yeild_predictions\models\regression\best_model_flowering.joblib,43,1,0,1,0,0,pending_actual_apy,1
GUJ_SURAT_2024_2025,Surat,2024,2025,flowering,95,,3132.5717330887323,,,GradientBoostingRegressor,D:\BIG_Works_Done\Crop_yeild_predictions\models\regression\best_model_flowering.joblib,43,1,0,1,0,0,pending_actual_apy,1
GUJ_SURENDRANAGAR_2024_2025,Surendranagar,2024,2025,flowering,95,,3169.3022115343674,,,GradientBoostingRegressor,D:\BIG_Works_Done\Crop_yeild_predictions\models\regression\best_model_flowering.joblib,41,1,0,1,0,0,pending_actual_apy,1
GUJ_TAPI_2024_2025,Tapi,2024,2025,flowering,95,,3595.958396661174,,,GradientBoostingRegressor,D:\BIG_Works_Done\Crop_yeild_predictions\models\regression\best_model_flowering.joblib,41,1,0,1,0,0,pending_actual_apy,1
GUJ_VADODARA_2024_2025,Vadodara,2024,2025,flowering,95,,3208.9073745714795,,,GradientBoostingRegressor,D:\BIG_Works_Done\Crop_yeild_predictions\models\regression\best_model_flowering.joblib,43,1,0,1,0,0,pending_actual_apy,1
GUJ_VALSAD_2024_2025,Valsad,2024,2025,flowering,95,,634.4941495652663,,,GradientBoostingRegressor,D:\BIG_Works_Done\Crop_yeild_predictions\models\regression\best_model_flowering.joblib,41,1,0,1,0,0,pending_actual_apy,1
GUJ_AHMEDABAD_2024_2025,Ahmedabad,2024,2025,grain_filling,115,,2756.8838291297134,,,GradientBoostingRegressor,D:\BIG_Works_Done\Crop_yeild_predictions\models\regression\best_model_grain_filling.joblib,43,1,0,1,0,0,pending_actual_apy,1
GUJ_AMRELI_2024_2025,Amreli,2024,2025,grain_filling,115,,3679.78849223982,,,GradientBoostingRegressor,D:\BIG_Works_Done\Crop_yeild_predictions\models\regression\best_model_grain_filling.joblib,41,1,0,1,0,0,pending_actual_apy,1
GUJ_ANAND_2024_2025,Anand,2024,2025,grain_filling,115,,3218.241760791963,,,GradientBoostingRegressor,D:\BIG_Works_Done\Crop_yeild_predictions\models\regression\best_model_grain_filling.joblib,43,1,0,1,0,0,pending_actual_apy,1
GUJ_ARVALLI_2024_2025,Arvalli,2024,2025,grain_filling,115,,3171.790274326898,,,GradientBoostingRegressor,D:\BIG_Works_Done\Crop_yeild_predictions\models\regression\best_model_grain_filling.joblib,41,1,0,1,0,0,pending_actual_apy,1
GUJ_BANASKANTHA_2024_2025,Banaskantha,2024,2025,grain_filling,115,,3232.668174054816,,,GradientBoostingRegressor,D:\BIG_Works_Done\Crop_yeild_predictions\models\regression\best_model_grain_filling.joblib,43,1,0,1,0,0,pending_actual_apy,1
GUJ_BHARUCH_2024_2025,Bharuch,2024,2025,grain_filling,115,,2308.2286370053057,,,GradientBoostingRegressor,D:\BIG_Works_Done\Crop_yeild_predictions\models\regression\best_model_grain_filling.joblib,41,1,0,1,0,0,pending_actual_apy,1
GUJ_BHAVNAGAR_2024_2025,Bhavnagar,2024,2025,grain_filling,115,,3510.8685799745244,,,GradientBoostingRegressor,D:\BIG_Works_Done\Crop_yeild_predictions\models\regression\best_model_grain_filling.joblib,43,1,0,1,0,0,pending_actual_apy,1
GUJ_BOTAD_2024_2025,Botad,2024,2025,grain_filling,115,,3297.383476329809,,,GradientBoostingRegressor,D:\BIG_Works_Done\Crop_yeild_predictions\models\regression\best_model_grain_filling.joblib,41,1,0,1,0,0,pending_actual_apy,1
GUJ_CHHOTA_UDEPUR_2024_2025,Chhota Udepur,2024,2025,grain_filling,115,,3389.7032885363233,,,GradientBoostingRegressor,D:\BIG_Works_Done\Crop_yeild_predictions\models\regression\best_model_grain_filling.joblib,41,1,0,1,0,0,pending_actual_apy,1
GUJ_DAHOD_2024_2025,Dahod,2024,2025,grain_filling,115,,3120.8012480143643,,,GradientBoostingRegressor,D:\BIG_Works_Done\Crop_yeild_predictions\models\regression\best_model_grain_filling.joblib,41,1,0,1,0,0,pending_actual_apy,1
GUJ_DANGS_2024_2025,Dangs,2024,2025,grain_filling,115,,3402.06674283735,,,GradientBoostingRegressor,D:\BIG_Works_Done\Crop_yeild_predictions\models\regression\best_model_grain_filling.joblib,41,1,0,1,0,0,pending_actual_apy,1
GUJ_DEVBHOOMI_DWARKA_2024_2025,Devbhoomi Dwarka,2024,2025,grain_filling,115,,4318.259804505027,,,GradientBoostingRegressor,D:\BIG_Works_Done\Crop_yeild_predictions\models\regression\best_model_grain_filling.joblib,41,1,0,1,0,0,pending_actual_apy,1
GUJ_GANDHINAGAR_2024_2025,Gandhinagar,2024,2025,grain_filling,115,,3585.503456248354,,,GradientBoostingRegressor,D:\BIG_Works_Done\Crop_yeild_predictions\models\regression\best_model_grain_filling.joblib,43,1,0,1,0,0,pending_actual_apy,1
GUJ_GIR_SOMNATH_2024_2025,Gir Somnath,2024,2025,grain_filling,115,,4011.738421285906,,,GradientBoostingRegressor,D:\BIG_Works_Done\Crop_yeild_predictions\models\regression\best_model_grain_filling.joblib,41,1,0,1,0,0,pending_actual_apy,1
GUJ_JAMNAGAR_2024_2025,Jamnagar,2024,2025,grain_filling,115,,4020.655823065895,,,GradientBoostingRegressor,D:\BIG_Works_Done\Crop_yeild_predictions\models\regression\best_model_grain_filling.joblib,43,1,0,1,0,0,pending_actual_apy,1
GUJ_JUNAGADH_2024_2025,Junagadh,2024,2025,grain_filling,115,,4108.318123923608,,,GradientBoostingRegressor,D:\BIG_Works_Done\Crop_yeild_predictions\models\regression\best_model_grain_filling.joblib,43,1,0,1,0,0,pending_actual_apy,1
GUJ_KACHCHH_2024_2025,Kachchh,2024,2025,grain_filling,115,,2957.5720166321207,,,GradientBoostingRegressor,D:\BIG_Works_Done\Crop_yeild_predictions\models\regression\best_model_grain_filling.joblib,41,1,0,1,0,0,pending_actual_apy,1
GUJ_KHEDA_2024_2025,Kheda,2024,2025,grain_filling,115,,3190.189155121362,,,GradientBoostingRegressor,D:\BIG_Works_Done\Crop_yeild_predictions\models\regression\best_model_grain_filling.joblib,43,1,0,1,0,0,pending_actual_apy,1
GUJ_MAHISAGAR_2024_2025,Mahisagar,2024,2025,grain_filling,115,,3321.4593522004598,,,GradientBoostingRegressor,D:\BIG_Works_Done\Crop_yeild_predictions\models\regression\best_model_grain_filling.joblib,41,1,0,1,0,0,pending_actual_apy,1
GUJ_MEHSANA_2024_2025,Mehsana,2024,2025,grain_filling,115,,3139.312586760992,,,GradientBoostingRegressor,D:\BIG_Works_Done\Crop_yeild_predictions\models\regression\best_model_grain_filling.joblib,54,1,1,1,0,0,pending_actual_apy,1
GUJ_MORBI_2024_2025,Morbi,2024,2025,grain_filling,115,,3136.333459305268,,,GradientBoostingRegressor,D:\BIG_Works_Done\Crop_yeild_predictions\models\regression\best_model_grain_filling.joblib,41,1,0,1,0,0,pending_actual_apy,1
GUJ_NARMADA_2024_2025,Narmada,2024,2025,grain_filling,115,,3325.43608200041,,,GradientBoostingRegressor,D:\BIG_Works_Done\Crop_yeild_predictions\models\regression\best_model_grain_filling.joblib,41,1,0,1,0,0,pending_actual_apy,1
GUJ_NAVSARI_2024_2025,Navsari,2024,2025,grain_filling,115,,3423.330875797906,,,GradientBoostingRegressor,D:\BIG_Works_Done\Crop_yeild_predictions\models\regression\best_model_grain_filling.joblib,41,1,0,1,0,0,pending_actual_apy,1
GUJ_PANCHMAHAL_2024_2025,Panchmahal,2024,2025,grain_filling,115,,2655.4698326490748,,,GradientBoostingRegressor,D:\BIG_Works_Done\Crop_yeild_predictions\models\regression\best_model_grain_filling.joblib,41,1,0,1,0,0,pending_actual_apy,1
GUJ_PATAN_2024_2025,Patan,2024,2025,grain_filling,115,,2977.255373627969,,,GradientBoostingRegressor,D:\BIG_Works_Done\Crop_yeild_predictions\models\regression\best_model_grain_filling.joblib,43,1,0,1,0,0,pending_actual_apy,1
GUJ_PORBANDAR_2024_2025,Porbandar,2024,2025,grain_filling,115,,3297.383476329809,,,GradientBoostingRegressor,D:\BIG_Works_Done\Crop_yeild_predictions\models\regression\best_model_grain_filling.joblib,41,1,0,1,0,0,pending_actual_apy,1
GUJ_RAJKOT_2024_2025,Rajkot,2024,2025,grain_filling,115,,3951.976910593648,,,GradientBoostingRegressor,D:\BIG_Works_Done\Crop_yeild_predictions\models\regression\best_model_grain_filling.joblib,43,1,0,1,0,0,pending_actual_apy,1
GUJ_SABARKANTHA_2024_2025,Sabarkantha,2024,2025,grain_filling,115,,3325.3799175906206,,,GradientBoostingRegressor,D:\BIG_Works_Done\Crop_yeild_predictions\models\regression\best_model_grain_filling.joblib,43,1,0,1,0,0,pending_actual_apy,1
GUJ_SURAT_2024_2025,Surat,2024,2025,grain_filling,115,,3093.2820413406466,,,GradientBoostingRegressor,D:\BIG_Works_Done\Crop_yeild_predictions\models\regression\best_model_grain_filling.joblib,43,1,0,1,0,0,pending_actual_apy,1
GUJ_SURENDRANAGAR_2024_2025,Surendranagar,2024,2025,grain_filling,115,,3171.790274326898,,,GradientBoostingRegressor,D:\BIG_Works_Done\Crop_yeild_predictions\models\regression\best_model_grain_filling.joblib,41,1,0,1,0,0,pending_actual_apy,1
GUJ_TAPI_2024_2025,Tapi,2024,2025,grain_filling,115,,3522.051065877653,,,GradientBoostingRegressor,D:\BIG_Works_Done\Crop_yeild_predictions\models\regression\best_model_grain_filling.joblib,41,1,0,1,0,0,pending_actual_apy,1
GUJ_VADODARA_2024_2025,Vadodara,2024,2025,grain_filling,115,,3263.85555653257,,,GradientBoostingRegressor,D:\BIG_Works_Done\Crop_yeild_predictions\models\regression\best_model_grain_filling.joblib,43,1,0,1,0,0,pending_actual_apy,1
GUJ_VALSAD_2024_2025,Valsad,2024,2025,grain_filling,115,,433.79623212406875,,,GradientBoostingRegressor,D:\BIG_Works_Done\Crop_yeild_predictions\models\regression\best_model_grain_filling.joblib,41,1,0,1,0,0,pending_actual_apy,1
GUJ_AHMEDABAD_2024_2025,Ahmedabad,2024,2025,grain_filling_initial,105,,2852.7553370697888,,,GradientBoostingRegressor,D:\BIG_Works_Done\Crop_yeild_predictions\models\regression\best_model_grain_filling_initial.joblib,43,1,0,1,0,0,pending_actual_apy,1
GUJ_AMRELI_2024_2025,Amreli,2024,2025,grain_filling_initial,105,,3689.159462127914,,,GradientBoostingRegressor,D:\BIG_Works_Done\Crop_yeild_predictions\models\regression\best_model_grain_filling_initial.joblib,41,1,0,1,0,0,pending_actual_apy,1
GUJ_ANAND_2024_2025,Anand,2024,2025,grain_filling_initial,105,,3292.529692475415,,,GradientBoostingRegressor,D:\BIG_Works_Done\Crop_yeild_predictions\models\regression\best_model_grain_filling_initial.joblib,43,1,0,1,0,0,pending_actual_apy,1
GUJ_ARVALLI_2024_2025,Arvalli,2024,2025,grain_filling_initial,105,,3236.075621122015,,,GradientBoostingRegressor,D:\BIG_Works_Done\Crop_yeild_predictions\models\regression\best_model_grain_filling_initial.joblib,41,1,0,1,0,0,pending_actual_apy,1
GUJ_BANASKANTHA_2024_2025,Banaskantha,2024,2025,grain_filling_initial,105,,3215.1349443430718,,,GradientBoostingRegressor,D:\BIG_Works_Done\Crop_yeild_predictions\models\regression\best_model_grain_filling_initial.joblib,43,1,0,1,0,0,pending_actual_apy,1
GUJ_BHARUCH_2024_2025,Bharuch,2024,2025,grain_filling_initial,105,,2314.2384572002475,,,GradientBoostingRegressor,D:\BIG_Works_Done\Crop_yeild_predictions\models\regression\best_model_grain_filling_initial.joblib,41,1,0,1,0,0,pending_actual_apy,1
GUJ_BHAVNAGAR_2024_2025,Bhavnagar,2024,2025,grain_filling_initial,105,,3491.743808009977,,,GradientBoostingRegressor,D:\BIG_Works_Done\Crop_yeild_predictions\models\regression\best_model_grain_filling_initial.joblib,43,1,0,1,0,0,pending_actual_apy,1
GUJ_BOTAD_2024_2025,Botad,2024,2025,grain_filling_initial,105,,3335.148405455364,,,GradientBoostingRegressor,D:\BIG_Works_Done\Crop_yeild_predictions\models\regression\best_model_grain_filling_initial.joblib,41,1,0,1,0,0,pending_actual_apy,1
GUJ_CHHOTA_UDEPUR_2024_2025,Chhota Udepur,2024,2025,grain_filling_initial,105,,3347.395392311297,,,GradientBoostingRegressor,D:\BIG_Works_Done\Crop_yeild_predictions\models\regression\best_model_grain_filling_initial.joblib,41,1,0,1,0,0,pending_actual_apy,1
GUJ_DAHOD_2024_2025,Dahod,2024,2025,grain_filling_initial,105,,3089.9429259042145,,,GradientBoostingRegressor,D:\BIG_Works_Done\Crop_yeild_predictions\models\regression\best_model_grain_filling_initial.joblib,41,1,0,1,0,0,pending_actual_apy,1
GUJ_DANGS_2024_2025,Dangs,2024,2025,grain_filling_initial,105,,3365.531229422689,,,GradientBoostingRegressor,D:\BIG_Works_Done\Crop_yeild_predictions\models\regression\best_model_grain_filling_initial.joblib,41,1,0,1,0,0,pending_actual_apy,1
GUJ_DEVBHOOMI_DWARKA_2024_2025,Devbhoomi Dwarka,2024,2025,grain_filling_initial,105,,4270.041378202324,,,GradientBoostingRegressor,D:\BIG_Works_Done\Crop_yeild_predictions\models\regression\best_model_grain_filling_initial.joblib,41,1,0,1,0,0,pending_actual_apy,1
GUJ_GANDHINAGAR_2024_2025,Gandhinagar,2024,2025,grain_filling_initial,105,,3536.956663401709,,,GradientBoostingRegressor,D:\BIG_Works_Done\Crop_yeild_predictions\models\regression\best_model_grain_filling_initial.joblib,43,1,0,1,0,0,pending_actual_apy,1
GUJ_GIR_SOMNATH_2024_2025,Gir Somnath,2024,2025,grain_filling_initial,105,,4001.479140917753,,,GradientBoostingRegressor,D:\BIG_Works_Done\Crop_yeild_predictions\models\regression\best_model_grain_filling_initial.joblib,41,1,0,1,0,0,pending_actual_apy,1
GUJ_JAMNAGAR_2024_2025,Jamnagar,2024,2025,grain_filling_initial,105,,3938.845365719793,,,GradientBoostingRegressor,D:\BIG_Works_Done\Crop_yeild_predictions\models\regression\best_model_grain_filling_initial.joblib,43,1,0,1,0,0,pending_actual_apy,1
GUJ_JUNAGADH_2024_2025,Junagadh,2024,2025,grain_filling_initial,105,,4058.745201907926,,,GradientBoostingRegressor,D:\BIG_Works_Done\Crop_yeild_predictions\models\regression\best_model_grain_filling_initial.joblib,43,1,0,1,0,0,pending_actual_apy,1
GUJ_KACHCHH_2024_2025,Kachchh,2024,2025,grain_filling_initial,105,,2988.0941026427226,,,GradientBoostingRegressor,D:\BIG_Works_Done\Crop_yeild_predictions\models\regression\best_model_grain_filling_initial.joblib,41,1,0,1,0,0,pending_actual_apy,1
GUJ_KHEDA_2024_2025,Kheda,2024,2025,grain_filling_initial,105,,3260.732149028601,,,GradientBoostingRegressor,D:\BIG_Works_Done\Crop_yeild_predictions\models\regression\best_model_grain_filling_initial.joblib,43,1,0,1,0,0,pending_actual_apy,1
GUJ_MAHISAGAR_2024_2025,Mahisagar,2024,2025,grain_filling_initial,105,,3341.660413306763,,,GradientBoostingRegressor,D:\BIG_Works_Done\Crop_yeild_predictions\models\regression\best_model_grain_filling_initial.joblib,41,1,0,1,0,0,pending_actual_apy,1
GUJ_MEHSANA_2024_2025,Mehsana,2024,2025,grain_filling_initial,105,,3304.013668673079,,,GradientBoostingRegressor,D:\BIG_Works_Done\Crop_yeild_predictions\models\regression\best_model_grain_filling_initial.joblib,54,1,1,1,0,0,pending_actual_apy,1
GUJ_MORBI_2024_2025,Morbi,2024,2025,grain_filling_initial,105,,3211.332970652803,,,GradientBoostingRegressor,D:\BIG_Works_Done\Crop_yeild_predictions\models\regression\best_model_grain_filling_initial.joblib,41,1,0,1,0,0,pending_actual_apy,1
GUJ_NARMADA_2024_2025,Narmada,2024,2025,grain_filling_initial,105,,3325.846945126558,,,GradientBoostingRegressor,D:\BIG_Works_Done\Crop_yeild_predictions\models\regression\best_model_grain_filling_initial.joblib,41,1,0,1,0,0,pending_actual_apy,1
GUJ_NAVSARI_2024_2025,Navsari,2024,2025,grain_filling_initial,105,,3499.4295978093514,,,GradientBoostingRegressor,D:\BIG_Works_Done\Crop_yeild_predictions\models\regression\best_model_grain_filling_initial.joblib,41,1,0,1,0,0,pending_actual_apy,1
GUJ_PANCHMAHAL_2024_2025,Panchmahal,2024,2025,grain_filling_initial,105,,2899.0379518807467,,,GradientBoostingRegressor,D:\BIG_Works_Done\Crop_yeild_predictions\models\regression\best_model_grain_filling_initial.joblib,41,1,0,1,0,0,pending_actual_apy,1
GUJ_PATAN_2024_2025,Patan,2024,2025,grain_filling_initial,105,,3033.9290583296106,,,GradientBoostingRegressor,D:\BIG_Works_Done\Crop_yeild_predictions\models\regression\best_model_grain_filling_initial.joblib,43,1,0,1,0,0,pending_actual_apy,1
GUJ_PORBANDAR_2024_2025,Porbandar,2024,2025,grain_filling_initial,105,,3354.618265822594,,,GradientBoostingRegressor,D:\BIG_Works_Done\Crop_yeild_predictions\models\regression\best_model_grain_filling_initial.joblib,41,1,0,1,0,0,pending_actual_apy,1
GUJ_RAJKOT_2024_2025,Rajkot,2024,2025,grain_filling_initial,105,,3895.344640212066,,,GradientBoostingRegressor,D:\BIG_Works_Done\Crop_yeild_predictions\models\regression\best_model_grain_filling_initial.joblib,43,1,0,1,0,0,pending_actual_apy,1
GUJ_SABARKANTHA_2024_2025,Sabarkantha,2024,2025,grain_filling_initial,105,,3308.752779735955,,,GradientBoostingRegressor,D:\BIG_Works_Done\Crop_yeild_predictions\models\regression\best_model_grain_filling_initial.joblib,43,1,0,1,0,0,pending_actual_apy,1
GUJ_SURAT_2024_2025,Surat,2024,2025,grain_filling_initial,105,,3099.541399294226,,,GradientBoostingRegressor,D:\BIG_Works_Done\Crop_yeild_predictions\models\regression\best_model_grain_filling_initial.joblib,43,1,0,1,0,0,pending_actual_apy,1
GUJ_SURENDRANAGAR_2024_2025,Surendranagar,2024,2025,grain_filling_initial,105,,3236.075621122015,,,GradientBoostingRegressor,D:\BIG_Works_Done\Crop_yeild_predictions\models\regression\best_model_grain_filling_initial.joblib,41,1,0,1,0,0,pending_actual_apy,1
GUJ_TAPI_2024_2025,Tapi,2024,2025,grain_filling_initial,105,,3507.411889019161,,,GradientBoostingRegressor,D:\BIG_Works_Done\Crop_yeild_predictions\models\regression\best_model_grain_filling_initial.joblib,41,1,0,1,0,0,pending_actual_apy,1
GUJ_VADODARA_2024_2025,Vadodara,2024,2025,grain_filling_initial,105,,3345.187208496854,,,GradientBoostingRegressor,D:\BIG_Works_Done\Crop_yeild_predictions\models\regression\best_model_grain_filling_initial.joblib,43,1,0,1,0,0,pending_actual_apy,1
GUJ_VALSAD_2024_2025,Valsad,2024,2025,grain_filling_initial,105,,517.3405156285065,,,GradientBoostingRegressor,D:\BIG_Works_Done\Crop_yeild_predictions\models\regression\best_model_grain_filling_initial.joblib,41,1,0,1,0,0,pending_actual_apy,1
GUJ_AHMEDABAD_2024_2025,Ahmedabad,2024,2025,maturity_preharvest,130,,2796.717486434801,,,GradientBoostingRegressor,D:\BIG_Works_Done\Crop_yeild_predictions\models\regression\best_model_maturity_preharvest.joblib,43,1,0,1,0,0,pending_actual_apy,1
GUJ_AMRELI_2024_2025,Amreli,2024,2025,maturity_preharvest,130,,3739.1987046678423,,,GradientBoostingRegressor,D:\BIG_Works_Done\Crop_yeild_predictions\models\regression\best_model_maturity_preharvest.joblib,41,1,0,1,0,0,pending_actual_apy,1
GUJ_ANAND_2024_2025,Anand,2024,2025,maturity_preharvest,130,,3156.1792021739975,,,GradientBoostingRegressor,D:\BIG_Works_Done\Crop_yeild_predictions\models\regression\best_model_maturity_preharvest.joblib,43,1,0,1,0,0,pending_actual_apy,1
GUJ_ARVALLI_2024_2025,Arvalli,2024,2025,maturity_preharvest,130,,3157.701073968646,,,GradientBoostingRegressor,D:\BIG_Works_Done\Crop_yeild_predictions\models\regression\best_model_maturity_preharvest.joblib,41,1,0,1,0,0,pending_actual_apy,1
GUJ_BANASKANTHA_2024_2025,Banaskantha,2024,2025,maturity_preharvest,130,,3237.1158307053447,,,GradientBoostingRegressor,D:\BIG_Works_Done\Crop_yeild_predictions\models\regression\best_model_maturity_preharvest.joblib,43,1,0,1,0,0,pending_actual_apy,1
GUJ_BHARUCH_2024_2025,Bharuch,2024,2025,maturity_preharvest,130,,2467.116317546662,,,GradientBoostingRegressor,D:\BIG_Works_Done\Crop_yeild_predictions\models\regression\best_model_maturity_preharvest.joblib,41,1,0,1,0,0,pending_actual_apy,1
GUJ_BHAVNAGAR_2024_2025,Bhavnagar,2024,2025,maturity_preharvest,130,,3639.4878931858857,,,GradientBoostingRegressor,D:\BIG_Works_Done\Crop_yeild_predictions\models\regression\best_model_maturity_preharvest.joblib,43,1,0,1,0,0,pending_actual_apy,1
GUJ_BOTAD_2024_2025,Botad,2024,2025,maturity_preharvest,130,,3383.5236305096932,,,GradientBoostingRegressor,D:\BIG_Works_Done\Crop_yeild_predictions\models\regression\best_model_maturity_preharvest.joblib,41,1,0,1,0,0,pending_actual_apy,1
GUJ_CHHOTA_UDEPUR_2024_2025,Chhota Udepur,2024,2025,maturity_preharvest,130,,3490.6832844025184,,,GradientBoostingRegressor,D:\BIG_Works_Done\Crop_yeild_predictions\models\regression\best_model_maturity_preharvest.joblib,41,1,0,1,0,0,pending_actual_apy,1
GUJ_DAHOD_2024_2025,Dahod,2024,2025,maturity_preharvest,130,,3115.763154283146,,,GradientBoostingRegressor,D:\BIG_Works_Done\Crop_yeild_predictions\models\regression\best_model_maturity_preharvest.joblib,41,1,0,1,0,0,pending_actual_apy,1
GUJ_DANGS_2024_2025,Dangs,2024,2025,maturity_preharvest,130,,3319.274164820974,,,GradientBoostingRegressor,D:\BIG_Works_Done\Crop_yeild_predictions\models\regression\best_model_maturity_preharvest.joblib,41,1,0,1,0,0,pending_actual_apy,1
GUJ_DEVBHOOMI_DWARKA_2024_2025,Devbhoomi Dwarka,2024,2025,maturity_preharvest,130,,4288.361979580813,,,GradientBoostingRegressor,D:\BIG_Works_Done\Crop_yeild_predictions\models\regression\best_model_maturity_preharvest.joblib,41,1,0,1,0,0,pending_actual_apy,1
GUJ_GANDHINAGAR_2024_2025,Gandhinagar,2024,2025,maturity_preharvest,130,,3506.9904682541514,,,GradientBoostingRegressor,D:\BIG_Works_Done\Crop_yeild_predictions\models\regression\best_model_maturity_preharvest.joblib,43,1,0,1,0,0,pending_actual_apy,1
GUJ_GIR_SOMNATH_2024_2025,Gir Somnath,2024,2025,maturity_preharvest,130,,4099.33496253562,,,GradientBoostingRegressor,D:\BIG_Works_Done\Crop_yeild_predictions\models\regression\best_model_maturity_preharvest.joblib,41,1,0,1,0,0,pending_actual_apy,1
GUJ_JAMNAGAR_2024_2025,Jamnagar,2024,2025,maturity_preharvest,130,,3882.448733085057,,,GradientBoostingRegressor,D:\BIG_Works_Done\Crop_yeild_predictions\models\regression\best_model_maturity_preharvest.joblib,43,1,0,1,0,0,pending_actual_apy,1
GUJ_JUNAGADH_2024_2025,Junagadh,2024,2025,maturity_preharvest,130,,4112.745222653515,,,GradientBoostingRegressor,D:\BIG_Works_Done\Crop_yeild_predictions\models\regression\best_model_maturity_preharvest.joblib,43,1,0,1,0,0,pending_actual_apy,1
GUJ_KACHCHH_2024_2025,Kachchh,2024,2025,maturity_preharvest,130,,2928.9679987501336,,,GradientBoostingRegressor,D:\BIG_Works_Done\Crop_yeild_predictions\models\regression\best_model_maturity_preharvest.joblib,41,1,0,1,0,0,pending_actual_apy,1
GUJ_KHEDA_2024_2025,Kheda,2024,2025,maturity_preharvest,130,,3157.701073968646,,,GradientBoostingRegressor,D:\BIG_Works_Done\Crop_yeild_predictions\models\regression\best_model_maturity_preharvest.joblib,43,1,0,1,0,0,pending_actual_apy,1
GUJ_MAHISAGAR_2024_2025,Mahisagar,2024,2025,maturity_preharvest,130,,3301.634175396006,,,GradientBoostingRegressor,D:\BIG_Works_Done\Crop_yeild_predictions\models\regression\best_model_maturity_preharvest.joblib,41,1,0,1,0,0,pending_actual_apy,1
GUJ_MEHSANA_2024_2025,Mehsana,2024,2025,maturity_preharvest,130,,3205.1868678872283,,,GradientBoostingRegressor,D:\BIG_Works_Done\Crop_yeild_predictions\models\regression\best_model_maturity_preharvest.joblib,54,1,1,1,0,0,pending_actual_apy,1
GUJ_MORBI_2024_2025,Morbi,2024,2025,maturity_preharvest,130,,3114.43003709669,,,GradientBoostingRegressor,D:\BIG_Works_Done\Crop_yeild_predictions\models\regression\best_model_maturity_preharvest.joblib,41,1,0,1,0,0,pending_actual_apy,1
GUJ_NARMADA_2024_2025,Narmada,2024,2025,maturity_preharvest,130,,3378.0833687141644,,,GradientBoostingRegressor,D:\BIG_Works_Done\Crop_yeild_predictions\models\regression\best_model_maturity_preharvest.joblib,41,1,0,1,0,0,pending_actual_apy,1
GUJ_NAVSARI_2024_2025,Navsari,2024,2025,maturity_preharvest,130,,3477.1196422474113,,,GradientBoostingRegressor,D:\BIG_Works_Done\Crop_yeild_predictions\models\regression\best_model_maturity_preharvest.joblib,41,1,0,1,0,0,pending_actual_apy,1
GUJ_PANCHMAHAL_2024_2025,Panchmahal,2024,2025,maturity_preharvest,130,,2701.18221495116,,,GradientBoostingRegressor,D:\BIG_Works_Done\Crop_yeild_predictions\models\regression\best_model_maturity_preharvest.joblib,41,1,0,1,0,0,pending_actual_apy,1
GUJ_PATAN_2024_2025,Patan,2024,2025,maturity_preharvest,130,,2978.717709367337,,,GradientBoostingRegressor,D:\BIG_Works_Done\Crop_yeild_predictions\models\regression\best_model_maturity_preharvest.joblib,43,1,0,1,0,0,pending_actual_apy,1
GUJ_PORBANDAR_2024_2025,Porbandar,2024,2025,maturity_preharvest,130,,3383.5236305096932,,,GradientBoostingRegressor,D:\BIG_Works_Done\Crop_yeild_predictions\models\regression\best_model_maturity_preharvest.joblib,41,1,0,1,0,0,pending_actual_apy,1
GUJ_RAJKOT_2024_2025,Rajkot,2024,2025,maturity_preharvest,130,,3886.922666112467,,,GradientBoostingRegressor,D:\BIG_Works_Done\Crop_yeild_predictions\models\regression\best_model_maturity_preharvest.joblib,43,1,0,1,0,0,pending_actual_apy,1
GUJ_SABARKANTHA_2024_2025,Sabarkantha,2024,2025,maturity_preharvest,130,,3241.9195346865617,,,GradientBoostingRegressor,D:\BIG_Works_Done\Crop_yeild_predictions\models\regression\best_model_maturity_preharvest.joblib,43,1,0,1,0,0,pending_actual_apy,1
GUJ_SURAT_2024_2025,Surat,2024,2025,maturity_preharvest,130,,3477.7777338134765,,,GradientBoostingRegressor,D:\BIG_Works_Done\Crop_yeild_predictions\models\regression\best_model_maturity_preharvest.joblib,43,1,0,1,0,0,pending_actual_apy,1
GUJ_SURENDRANAGAR_2024_2025,Surendranagar,2024,2025,maturity_preharvest,130,,3157.701073968646,,,GradientBoostingRegressor,D:\BIG_Works_Done\Crop_yeild_predictions\models\regression\best_model_maturity_preharvest.joblib,41,1,0,1,0,0,pending_actual_apy,1
GUJ_TAPI_2024_2025,Tapi,2024,2025,maturity_preharvest,130,,3489.746026032827,,,GradientBoostingRegressor,D:\BIG_Works_Done\Crop_yeild_predictions\models\regression\best_model_maturity_preharvest.joblib,41,1,0,1,0,0,pending_actual_apy,1
GUJ_VADODARA_2024_2025,Vadodara,2024,2025,maturity_preharvest,130,,3370.7315322497993,,,GradientBoostingRegressor,D:\BIG_Works_Done\Crop_yeild_predictions\models\regression\best_model_maturity_preharvest.joblib,43,1,0,1,0,0,pending_actual_apy,1
GUJ_VALSAD_2024_2025,Valsad,2024,2025,maturity_preharvest,130,,378.47177140051207,,,GradientBoostingRegressor,D:\BIG_Works_Done\Crop_yeild_predictions\models\regression\best_model_maturity_preharvest.joblib,41,1,0,1,0,0,pending_actual_apy,1
GUJ_AHMEDABAD_2024_2025,Ahmedabad,2024,2025,sowing,10,,2597.501401384612,,,GradientBoostingRegressor,D:\BIG_Works_Done\Crop_yeild_predictions\models\regression\best_model_sowing.joblib,34,1,0,0,0,0,pending_actual_apy,0
GUJ_AMRELI_2024_2025,Amreli,2024,2025,sowing,10,,3469.956708256642,,,GradientBoostingRegressor,D:\BIG_Works_Done\Crop_yeild_predictions\models\regression\best_model_sowing.joblib,32,1,0,0,0,0,pending_actual_apy,0
GUJ_ANAND_2024_2025,Anand,2024,2025,sowing,10,,3020.1523114936,,,GradientBoostingRegressor,D:\BIG_Works_Done\Crop_yeild_predictions\models\regression\best_model_sowing.joblib,34,1,0,0,0,0,pending_actual_apy,0
GUJ_ARVALLI_2024_2025,Arvalli,2024,2025,sowing,10,,3075.064811064876,,,GradientBoostingRegressor,D:\BIG_Works_Done\Crop_yeild_predictions\models\regression\best_model_sowing.joblib,32,1,0,0,0,0,pending_actual_apy,0
GUJ_BANASKANTHA_2024_2025,Banaskantha,2024,2025,sowing,10,,3169.663330973231,,,GradientBoostingRegressor,D:\BIG_Works_Done\Crop_yeild_predictions\models\regression\best_model_sowing.joblib,34,1,0,0,0,0,pending_actual_apy,0
GUJ_BHARUCH_2024_2025,Bharuch,2024,2025,sowing,10,,2009.616089817209,,,GradientBoostingRegressor,D:\BIG_Works_Done\Crop_yeild_predictions\models\regression\best_model_sowing.joblib,32,1,0,0,0,0,pending_actual_apy,0
GUJ_BHAVNAGAR_2024_2025,Bhavnagar,2024,2025,sowing,10,,3243.919432436931,,,GradientBoostingRegressor,D:\BIG_Works_Done\Crop_yeild_predictions\models\regression\best_model_sowing.joblib,34,1,0,0,0,0,pending_actual_apy,0
GUJ_BOTAD_2024_2025,Botad,2024,2025,sowing,10,,3137.756882634824,,,GradientBoostingRegressor,D:\BIG_Works_Done\Crop_yeild_predictions\models\regression\best_model_sowing.joblib,32,1,0,0,0,0,pending_actual_apy,0
GUJ_CHHOTA_UDEPUR_2024_2025,Chhota Udepur,2024,2025,sowing,10,,3075.064811064876,,,GradientBoostingRegressor,D:\BIG_Works_Done\Crop_yeild_predictions\models\regression\best_model_sowing.joblib,32,1,0,0,0,0,pending_actual_apy,0
GUJ_DAHOD_2024_2025,Dahod,2024,2025,sowing,10,,2773.80693986501,,,GradientBoostingRegressor,D:\BIG_Works_Done\Crop_yeild_predictions\models\regression\best_model_sowing.joblib,32,1,0,0,0,0,pending_actual_apy,0
GUJ_DANGS_2024_2025,Dangs,2024,2025,sowing,10,,3137.756882634824,,,GradientBoostingRegressor,D:\BIG_Works_Done\Crop_yeild_predictions\models\regression\best_model_sowing.joblib,32,1,0,0,0,0,pending_actual_apy,0
GUJ_DEVBHOOMI_DWARKA_2024_2025,Devbhoomi Dwarka,2024,2025,sowing,10,,3855.238806550734,,,GradientBoostingRegressor,D:\BIG_Works_Done\Crop_yeild_predictions\models\regression\best_model_sowing.joblib,32,1,0,0,0,0,pending_actual_apy,0
GUJ_GANDHINAGAR_2024_2025,Gandhinagar,2024,2025,sowing,10,,3383.167515164841,,,GradientBoostingRegressor,D:\BIG_Works_Done\Crop_yeild_predictions\models\regression\best_model_sowing.joblib,34,1,0,0,0,0,pending_actual_apy,0
GUJ_GIR_SOMNATH_2024_2025,Gir Somnath,2024,2025,sowing,10,,3911.5036248915303,,,GradientBoostingRegressor,D:\BIG_Works_Done\Crop_yeild_predictions\models\regression\best_model_sowing.joblib,32,1,0,0,0,0,pending_actual_apy,0
GUJ_JAMNAGAR_2024_2025,Jamnagar,2024,2025,sowing,10,,3923.2965115528013,,,GradientBoostingRegressor,D:\BIG_Works_Done\Crop_yeild_predictions\models\regression\best_model_sowing.joblib,34,1,0,0,0,0,pending_actual_apy,0
GUJ_JUNAGADH_2024_2025,Junagadh,2024,2025,sowing,10,,3942.091147863407,,,GradientBoostingRegressor,D:\BIG_Works_Done\Crop_yeild_predictions\models\regression\best_model_sowing.joblib,34,1,0,0,0,0,pending_actual_apy,0
GUJ_KACHCHH_2024_2025,Kachchh,2024,2025,sowing,10,,2963.883312122025,,,GradientBoostingRegressor,D:\BIG_Works_Done\Crop_yeild_predictions\models\regression\best_model_sowing.joblib,32,1,0,0,0,0,pending_actual_apy,0
GUJ_KHEDA_2024_2025,Kheda,2024,2025,sowing,10,,3038.1802547373895,,,GradientBoostingRegressor,D:\BIG_Works_Done\Crop_yeild_predictions\models\regression\best_model_sowing.joblib,34,1,0,0,0,0,pending_actual_apy,0
GUJ_MAHISAGAR_2024_2025,Mahisagar,2024,2025,sowing,10,,3121.4819232451464,,,GradientBoostingRegressor,D:\BIG_Works_Done\Crop_yeild_predictions\models\regression\best_model_sowing.joblib,32,1,0,0,0,0,pending_actual_apy,0
GUJ_MEHSANA_2024_2025,Mehsana,2024,2025,sowing,10,,3186.4188446590756,,,GradientBoostingRegressor,D:\BIG_Works_Done\Crop_yeild_predictions\models\regression\best_model_sowing.joblib,45,1,1,0,0,0,pending_actual_apy,0
GUJ_MORBI_2024_2025,Morbi,2024,2025,sowing,10,,3121.4819232451464,,,GradientBoostingRegressor,D:\BIG_Works_Done\Crop_yeild_predictions\models\regression\best_model_sowing.joblib,32,1,0,0,0,0,pending_actual_apy,0
GUJ_NARMADA_2024_2025,Narmada,2024,2025,sowing,10,,3123.162255480731,,,GradientBoostingRegressor,D:\BIG_Works_Done\Crop_yeild_predictions\models\regression\best_model_sowing.joblib,32,1,0,0,0,0,pending_actual_apy,0
GUJ_NAVSARI_2024_2025,Navsari,2024,2025,sowing,10,,3145.1331648031205,,,GradientBoostingRegressor,D:\BIG_Works_Done\Crop_yeild_predictions\models\regression\best_model_sowing.joblib,32,1,0,0,0,0,pending_actual_apy,0
GUJ_PANCHMAHAL_2024_2025,Panchmahal,2024,2025,sowing,10,,2480.55122260245,,,GradientBoostingRegressor,D:\BIG_Works_Done\Crop_yeild_predictions\models\regression\best_model_sowing.joblib,32,1,0,0,0,0,pending_actual_apy,0
GUJ_PATAN_2024_2025,Patan,2024,2025,sowing,10,,2988.507048983807,,,GradientBoostingRegressor,D:\BIG_Works_Done\Crop_yeild_predictions\models\regression\best_model_sowing.joblib,34,1,0,0,0,0,pending_actual_apy,0
GUJ_PORBANDAR_2024_2025,Porbandar,2024,2025,sowing,10,,3303.9523888158474,,,GradientBoostingRegressor,D:\BIG_Works_Done\Crop_yeild_predictions\models\regression\best_model_sowing.joblib,32,1,0,0,0,0,pending_actual_apy,0
GUJ_RAJKOT_2024_2025,Rajkot,2024,2025,sowing,10,,3860.512534977331,,,GradientBoostingRegressor,D:\BIG_Works_Done\Crop_yeild_predictions\models\regression\best_model_sowing.joblib,34,1,0,0,0,0,pending_actual_apy,0
GUJ_SABARKANTHA_2024_2025,Sabarkantha,2024,2025,sowing,10,,3277.2492773382974,,,GradientBoostingRegressor,D:\BIG_Works_Done\Crop_yeild_predictions\models\regression\best_model_sowing.joblib,34,1,0,0,0,0,pending_actual_apy,0
GUJ_SURAT_2024_2025,Surat,2024,2025,sowing,10,,2715.2255033705633,,,GradientBoostingRegressor,D:\BIG_Works_Done\Crop_yeild_predictions\models\regression\best_model_sowing.joblib,34,1,0,0,0,0,pending_actual_apy,0
GUJ_SURENDRANAGAR_2024_2025,Surendranagar,2024,2025,sowing,10,,3075.064811064876,,,GradientBoostingRegressor,D:\BIG_Works_Done\Crop_yeild_predictions\models\regression\best_model_sowing.joblib,32,1,0,0,0,0,pending_actual_apy,0
GUJ_TAPI_2024_2025,Tapi,2024,2025,sowing,10,,3142.047431248208,,,GradientBoostingRegressor,D:\BIG_Works_Done\Crop_yeild_predictions\models\regression\best_model_sowing.joblib,32,1,0,0,0,0,pending_actual_apy,0
GUJ_VADODARA_2024_2025,Vadodara,2024,2025,sowing,10,,2826.093504563509,,,GradientBoostingRegressor,D:\BIG_Works_Done\Crop_yeild_predictions\models\regression\best_model_sowing.joblib,34,1,0,0,0,0,pending_actual_apy,0
GUJ_VALSAD_2024_2025,Valsad,2024,2025,sowing,10,,550.4153752317935,,,GradientBoostingRegressor,D:\BIG_Works_Done\Crop_yeild_predictions\models\regression\best_model_sowing.joblib,32,1,0,0,0,0,pending_actual_apy,0
GUJ_AHMEDABAD_2024_2025,Ahmedabad,2024,2025,stem_elongation,60,,2744.5224450895666,,,GradientBoostingRegressor,D:\BIG_Works_Done\Crop_yeild_predictions\models\regression\best_model_stem_elongation.joblib,34,1,0,0,0,0,pending_actual_apy,1
GUJ_AMRELI_2024_2025,Amreli,2024,2025,stem_elongation,60,,3466.75432899777,,,GradientBoostingRegressor,D:\BIG_Works_Done\Crop_yeild_predictions\models\regression\best_model_stem_elongation.joblib,32,1,0,0,0,0,pending_actual_apy,1
GUJ_ANAND_2024_2025,Anand,2024,2025,stem_elongation,60,,3135.7072075560227,,,GradientBoostingRegressor,D:\BIG_Works_Done\Crop_yeild_predictions\models\regression\best_model_stem_elongation.joblib,34,1,0,0,0,0,pending_actual_apy,1
GUJ_ARVALLI_2024_2025,Arvalli,2024,2025,stem_elongation,60,,3135.7072075560227,,,GradientBoostingRegressor,D:\BIG_Works_Done\Crop_yeild_predictions\models\regression\best_model_stem_elongation.joblib,32,1,0,0,0,0,pending_actual_apy,1
GUJ_BANASKANTHA_2024_2025,Banaskantha,2024,2025,stem_elongation,60,,3056.622880692452,,,GradientBoostingRegressor,D:\BIG_Works_Done\Crop_yeild_predictions\models\regression\best_model_stem_elongation.joblib,34,1,0,0,0,0,pending_actual_apy,1
GUJ_BHARUCH_2024_2025,Bharuch,2024,2025,stem_elongation,60,,2116.222662312715,,,GradientBoostingRegressor,D:\BIG_Works_Done\Crop_yeild_predictions\models\regression\best_model_stem_elongation.joblib,32,1,0,0,0,0,pending_actual_apy,1
GUJ_BHAVNAGAR_2024_2025,Bhavnagar,2024,2025,stem_elongation,60,,3201.9447500077354,,,GradientBoostingRegressor,D:\BIG_Works_Done\Crop_yeild_predictions\models\regression\best_model_stem_elongation.joblib,34,1,0,0,0,0,pending_actual_apy,1
GUJ_BOTAD_2024_2025,Botad,2024,2025,stem_elongation,60,,3133.515512547435,,,GradientBoostingRegressor,D:\BIG_Works_Done\Crop_yeild_predictions\models\regression\best_model_stem_elongation.joblib,32,1,0,0,0,0,pending_actual_apy,1
GUJ_CHHOTA_UDEPUR_2024_2025,Chhota Udepur,2024,2025,stem_elongation,60,,3173.994263132533,,,GradientBoostingRegressor,D:\BIG_Works_Done\Crop_yeild_predictions\models\regression\best_model_stem_elongation.joblib,32,1,0,0,0,0,pending_actual_apy,1
GUJ_DAHOD_2024_2025,Dahod,2024,2025,stem_elongation,60,,2739.346937623886,,,GradientBoostingRegressor,D:\BIG_Works_Done\Crop_yeild_predictions\models\regression\best_model_stem_elongation.joblib,32,1,0,0,0,0,pending_actual_apy,1
GUJ_DANGS_2024_2025,Dangs,2024,2025,stem_elongation,60,,3211.0701834391766,,,GradientBoostingRegressor,D:\BIG_Works_Done\Crop_yeild_predictions\models\regression\best_model_stem_elongation.joblib,32,1,0,0,0,0,pending_actual_apy,1
GUJ_DEVBHOOMI_DWARKA_2024_2025,Devbhoomi Dwarka,2024,2025,stem_elongation,60,,4102.103535353022,,,GradientBoostingRegressor,D:\BIG_Works_Done\Crop_yeild_predictions\models\regression\best_model_stem_elongation.joblib,32,1,0,0,0,0,pending_actual_apy,1
GUJ_GANDHINAGAR_2024_2025,Gandhinagar,2024,2025,stem_elongation,60,,3362.6046011628664,,,GradientBoostingRegressor,D:\BIG_Works_Done\Crop_yeild_predictions\models\regression\best_model_stem_elongation.joblib,34,1,0,0,0,0,pending_actual_apy,1
GUJ_GIR_SOMNATH_2024_2025,Gir Somnath,2024,2025,stem_elongation,60,,3802.2426741266895,,,GradientBoostingRegressor,D:\BIG_Works_Done\Crop_yeild_predictions\models\regression\best_model_stem_elongation.joblib,32,1,0,0,0,0,pending_actual_apy,1
GUJ_JAMNAGAR_2024_2025,Jamnagar,2024,2025,stem_elongation,60,,3918.8524125341096,,,GradientBoostingRegressor,D:\BIG_Works_Done\Crop_yeild_predictions\models\regression\best_model_stem_elongation.joblib,34,1,0,0,0,0,pending_actual_apy,1
GUJ_JUNAGADH_2024_2025,Junagadh,2024,2025,stem_elongation,60,,3934.1700741993923,,,GradientBoostingRegressor,D:\BIG_Works_Done\Crop_yeild_predictions\models\regression\best_model_stem_elongation.joblib,34,1,0,0,0,0,pending_actual_apy,1
GUJ_KACHCHH_2024_2025,Kachchh,2024,2025,stem_elongation,60,,2957.9774305820347,,,GradientBoostingRegressor,D:\BIG_Works_Done\Crop_yeild_predictions\models\regression\best_model_stem_elongation.joblib,32,1,0,0,0,0,pending_actual_apy,1
GUJ_KHEDA_2024_2025,Kheda,2024,2025,stem_elongation,60,,2975.4150478916054,,,GradientBoostingRegressor,D:\BIG_Works_Done\Crop_yeild_predictions\models\regression\best_model_stem_elongation.joblib,34,1,0,0,0,0,pending_actual_apy,1
GUJ_MAHISAGAR_2024_2025,Mahisagar,2024,2025,stem_elongation,60,,3097.5699199261467,,,GradientBoostingRegressor,D:\BIG_Works_Done\Crop_yeild_predictions\models\regression\best_model_stem_elongation.joblib,32,1,0,0,0,0,pending_actual_apy,1
GUJ_MEHSANA_2024_2025,Mehsana,2024,2025,stem_elongation,60,,3019.652273077526,,,GradientBoostingRegressor,D:\BIG_Works_Done\Crop_yeild_predictions\models\regression\best_model_stem_elongation.joblib,45,1,1,0,0,0,pending_actual_apy,1
GUJ_MORBI_2024_2025,Morbi,2024,2025,stem_elongation,60,,2973.2233528830175,,,GradientBoostingRegressor,D:\BIG_Works_Done\Crop_yeild_predictions\models\regression\best_model_stem_elongation.joblib,32,1,0,0,0,0,pending_actual_apy,1
GUJ_NARMADA_2024_2025,Narmada,2024,2025,stem_elongation,60,,3110.237752189103,,,GradientBoostingRegressor,D:\BIG_Works_Done\Crop_yeild_predictions\models\regression\best_model_stem_elongation.joblib,32,1,0,0,0,0,pending_actual_apy,1
GUJ_NAVSARI_2024_2025,Navsari,2024,2025,stem_elongation,60,,3244.8247327363238,,,GradientBoostingRegressor,D:\BIG_Works_Done\Crop_yeild_predictions\models\regression\best_model_stem_elongation.joblib,32,1,0,0,0,0,pending_actual_apy,1
GUJ_PANCHMAHAL_2024_2025,Panchmahal,2024,2025,stem_elongation,60,,2386.2003072869074,,,GradientBoostingRegressor,D:\BIG_Works_Done\Crop_yeild_predictions\models\regression\best_model_stem_elongation.joblib,32,1,0,0,0,0,pending_actual_apy,1
GUJ_PATAN_2024_2025,Patan,2024,2025,stem_elongation,60,,2963.959697952354,,,GradientBoostingRegressor,D:\BIG_Works_Done\Crop_yeild_predictions\models\regression\best_model_stem_elongation.joblib,34,1,0,0,0,0,pending_actual_apy,1
GUJ_PORBANDAR_2024_2025,Porbandar,2024,2025,stem_elongation,60,,3242.633037727736,,,GradientBoostingRegressor,D:\BIG_Works_Done\Crop_yeild_predictions\models\regression\best_model_stem_elongation.joblib,32,1,0,0,0,0,pending_actual_apy,1
GUJ_RAJKOT_2024_2025,Rajkot,2024,2025,stem_elongation,60,,3790.504218406451,,,GradientBoostingRegressor,D:\BIG_Works_Done\Crop_yeild_predictions\models\regression\best_model_stem_elongation.joblib,34,1,0,0,0,0,pending_actual_apy,1
GUJ_SABARKANTHA_2024_2025,Sabarkantha,2024,2025,stem_elongation,60,,3216.915040356869,,,GradientBoostingRegressor,D:\BIG_Works_Done\Crop_yeild_predictions\models\regression\best_model_stem_elongation.joblib,34,1,0,0,0,0,pending_actual_apy,1
GUJ_SURAT_2024_2025,Surat,2024,2025,stem_elongation,60,,2697.107160277213,,,GradientBoostingRegressor,D:\BIG_Works_Done\Crop_yeild_predictions\models\regression\best_model_stem_elongation.joblib,34,1,0,0,0,0,pending_actual_apy,1
GUJ_SURENDRANAGAR_2024_2025,Surendranagar,2024,2025,stem_elongation,60,,2975.4150478916054,,,GradientBoostingRegressor,D:\BIG_Works_Done\Crop_yeild_predictions\models\regression\best_model_stem_elongation.joblib,32,1,0,0,0,0,pending_actual_apy,1
GUJ_TAPI_2024_2025,Tapi,2024,2025,stem_elongation,60,,3461.1667742773607,,,GradientBoostingRegressor,D:\BIG_Works_Done\Crop_yeild_predictions\models\regression\best_model_stem_elongation.joblib,32,1,0,0,0,0,pending_actual_apy,1
GUJ_VADODARA_2024_2025,Vadodara,2024,2025,stem_elongation,60,,2935.620391798006,,,GradientBoostingRegressor,D:\BIG_Works_Done\Crop_yeild_predictions\models\regression\best_model_stem_elongation.joblib,34,1,0,0,0,0,pending_actual_apy,1
GUJ_VALSAD_2024_2025,Valsad,2024,2025,stem_elongation,60,,370.48105533591246,,,GradientBoostingRegressor,D:\BIG_Works_Done\Crop_yeild_predictions\models\regression\best_model_stem_elongation.joblib,32,1,0,0,0,0,pending_actual_apy,1
GUJ_AHMEDABAD_2024_2025,Ahmedabad,2024,2025,tillering,40,,2519.5145547480806,,,GradientBoostingRegressor,D:\BIG_Works_Done\Crop_yeild_predictions\models\regression\best_model_tillering.joblib,34,1,0,0,0,0,pending_actual_apy,1
GUJ_AMRELI_2024_2025,Amreli,2024,2025,tillering,40,,3346.6194287794533,,,GradientBoostingRegressor,D:\BIG_Works_Done\Crop_yeild_predictions\models\regression\best_model_tillering.joblib,32,1,0,0,0,0,pending_actual_apy,1
GUJ_ANAND_2024_2025,Anand,2024,2025,tillering,40,,3123.219148053036,,,GradientBoostingRegressor,D:\BIG_Works_Done\Crop_yeild_predictions\models\regression\best_model_tillering.joblib,34,1,0,0,0,0,pending_actual_apy,1
GUJ_ARVALLI_2024_2025,Arvalli,2024,2025,tillering,40,,2855.4446448278027,,,GradientBoostingRegressor,D:\BIG_Works_Done\Crop_yeild_predictions\models\regression\best_model_tillering.joblib,32,1,0,0,0,0,pending_actual_apy,1
GUJ_BANASKANTHA_2024_2025,Banaskantha,2024,2025,tillering,40,,2837.272268894167,,,GradientBoostingRegressor,D:\BIG_Works_Done\Crop_yeild_predictions\models\regression\best_model_tillering.joblib,34,1,0,0,0,0,pending_actual_apy,1
GUJ_BHARUCH_2024_2025,Bharuch,2024,2025,tillering,40,,2080.9006407779466,,,GradientBoostingRegressor,D:\BIG_Works_Done\Crop_yeild_predictions\models\regression\best_model_tillering.joblib,32,1,0,0,0,0,pending_actual_apy,1
GUJ_BHAVNAGAR_2024_2025,Bhavnagar,2024,2025,tillering,40,,3199.2064180448856,,,GradientBoostingRegressor,D:\BIG_Works_Done\Crop_yeild_predictions\models\regression\best_model_tillering.joblib,34,1,0,0,0,0,pending_actual_apy,1
GUJ_BOTAD_2024_2025,Botad,2024,2025,tillering,40,,3059.122713377656,,,GradientBoostingRegressor,D:\BIG_Works_Done\Crop_yeild_predictions\models\regression\best_model_tillering.joblib,32,1,0,0,0,0,pending_actual_apy,1
GUJ_CHHOTA_UDEPUR_2024_2025,Chhota Udepur,2024,2025,tillering,40,,3032.353690246664,,,GradientBoostingRegressor,D:\BIG_Works_Done\Crop_yeild_predictions\models\regression\best_model_tillering.joblib,32,1,0,0,0,0,pending_actual_apy,1
GUJ_DAHOD_2024_2025,Dahod,2024,2025,tillering,40,,2830.0096509556547,,,GradientBoostingRegressor,D:\BIG_Works_Done\Crop_yeild_predictions\models\regression\best_model_tillering.joblib,32,1,0,0,0,0,pending_actual_apy,1
GUJ_DANGS_2024_2025,Dangs,2024,2025,tillering,40,,3106.3242671260805,,,GradientBoostingRegressor,D:\BIG_Works_Done\Crop_yeild_predictions\models\regression\best_model_tillering.joblib,32,1,0,0,0,0,pending_actual_apy,1
GUJ_DEVBHOOMI_DWARKA_2024_2025,Devbhoomi Dwarka,2024,2025,tillering,40,,3788.263828543203,,,GradientBoostingRegressor,D:\BIG_Works_Done\Crop_yeild_predictions\models\regression\best_model_tillering.joblib,32,1,0,0,0,0,pending_actual_apy,1
GUJ_GANDHINAGAR_2024_2025,Gandhinagar,2024,2025,tillering,40,,3346.3422493107114,,,GradientBoostingRegressor,D:\BIG_Works_Done\Crop_yeild_predictions\models\regression\best_model_tillering.joblib,34,1,0,0,0,0,pending_actual_apy,1
GUJ_GIR_SOMNATH_2024_2025,Gir Somnath,2024,2025,tillering,40,,3788.3984796619147,,,GradientBoostingRegressor,D:\BIG_Works_Done\Crop_yeild_predictions\models\regression\best_model_tillering.joblib,32,1,0,0,0,0,pending_actual_apy,1
GUJ_JAMNAGAR_2024_2025,Jamnagar,2024,2025,tillering,40,,3754.8718766183238,,,GradientBoostingRegressor,D:\BIG_Works_Done\Crop_yeild_predictions\models\regression\best_model_tillering.joblib,34,1,0,0,0,0,pending_actual_apy,1
GUJ_JUNAGADH_2024_2025,Junagadh,2024,2025,tillering,40,,3723.820178406439,,,GradientBoostingRegressor,D:\BIG_Works_Done\Crop_yeild_predictions\models\regression\best_model_tillering.joblib,34,1,0,0,0,0,pending_actual_apy,1
GUJ_KACHCHH_2024_2025,Kachchh,2024,2025,tillering,40,,2783.2757113894036,,,GradientBoostingRegressor,D:\BIG_Works_Done\Crop_yeild_predictions\models\regression\best_model_tillering.joblib,32,1,0,0,0,0,pending_actual_apy,1
GUJ_KHEDA_2024_2025,Kheda,2024,2025,tillering,40,,2919.5410795031826,,,GradientBoostingRegressor,D:\BIG_Works_Done\Crop_yeild_predictions\models\regression\best_model_tillering.joblib,34,1,0,0,0,0,pending_actual_apy,1
GUJ_MAHISAGAR_2024_2025,Mahisagar,2024,2025,tillering,40,,3039.0043108936206,,,GradientBoostingRegressor,D:\BIG_Works_Done\Crop_yeild_predictions\models\regression\best_model_tillering.joblib,32,1,0,0,0,0,pending_actual_apy,1
GUJ_MEHSANA_2024_2025,Mehsana,2024,2025,tillering,40,,3019.385408467561,,,GradientBoostingRegressor,D:\BIG_Works_Done\Crop_yeild_predictions\models\regression\best_model_tillering.joblib,45,1,1,0,0,0,pending_actual_apy,1
GUJ_MORBI_2024_2025,Morbi,2024,2025,tillering,40,,2855.4446448278027,,,GradientBoostingRegressor,D:\BIG_Works_Done\Crop_yeild_predictions\models\regression\best_model_tillering.joblib,32,1,0,0,0,0,pending_actual_apy,1
GUJ_NARMADA_2024_2025,Narmada,2024,2025,tillering,40,,3032.353690246664,,,GradientBoostingRegressor,D:\BIG_Works_Done\Crop_yeild_predictions\models\regression\best_model_tillering.joblib,32,1,0,0,0,0,pending_actual_apy,1
GUJ_NAVSARI_2024_2025,Navsari,2024,2025,tillering,40,,3229.7908244768296,,,GradientBoostingRegressor,D:\BIG_Works_Done\Crop_yeild_predictions\models\regression\best_model_tillering.joblib,32,1,0,0,0,0,pending_actual_apy,1
GUJ_PANCHMAHAL_2024_2025,Panchmahal,2024,2025,tillering,40,,2376.809692400354,,,GradientBoostingRegressor,D:\BIG_Works_Done\Crop_yeild_predictions\models\regression\best_model_tillering.joblib,32,1,0,0,0,0,pending_actual_apy,1
GUJ_PATAN_2024_2025,Patan,2024,2025,tillering,40,,2837.272268894167,,,GradientBoostingRegressor,D:\BIG_Works_Done\Crop_yeild_predictions\models\regression\best_model_tillering.joblib,34,1,0,0,0,0,pending_actual_apy,1
GUJ_PORBANDAR_2024_2025,Porbandar,2024,2025,tillering,40,,3255.6450582638477,,,GradientBoostingRegressor,D:\BIG_Works_Done\Crop_yeild_predictions\models\regression\best_model_tillering.joblib,32,1,0,0,0,0,pending_actual_apy,1
GUJ_RAJKOT_2024_2025,Rajkot,2024,2025,tillering,40,,3537.0528109928346,,,GradientBoostingRegressor,D:\BIG_Works_Done\Crop_yeild_predictions\models\regression\best_model_tillering.joblib,34,1,0,0,0,0,pending_actual_apy,1
GUJ_SABARKANTHA_2024_2025,Sabarkantha,2024,2025,tillering,40,,3190.248836264769,,,GradientBoostingRegressor,D:\BIG_Works_Done\Crop_yeild_predictions\models\regression\best_model_tillering.joblib,34,1,0,0,0,0,pending_actual_apy,1
GUJ_SURAT_2024_2025,Surat,2024,2025,tillering,40,,2794.399339105192,,,GradientBoostingRegressor,D:\BIG_Works_Done\Crop_yeild_predictions\models\regression\best_model_tillering.joblib,34,1,0,0,0,0,pending_actual_apy,1
GUJ_SURENDRANAGAR_2024_2025,Surendranagar,2024,2025,tillering,40,,2855.4446448278027,,,GradientBoostingRegressor,D:\BIG_Works_Done\Crop_yeild_predictions\models\regression\best_model_tillering.joblib,32,1,0,0,0,0,pending_actual_apy,1
GUJ_TAPI_2024_2025,Tapi,2024,2025,tillering,40,,3292.766262918203,,,GradientBoostingRegressor,D:\BIG_Works_Done\Crop_yeild_predictions\models\regression\best_model_tillering.joblib,32,1,0,0,0,0,pending_actual_apy,1
GUJ_VADODARA_2024_2025,Vadodara,2024,2025,tillering,40,,2725.799718340575,,,GradientBoostingRegressor,D:\BIG_Works_Done\Crop_yeild_predictions\models\regression\best_model_tillering.joblib,34,1,0,0,0,0,pending_actual_apy,1
GUJ_VALSAD_2024_2025,Valsad,2024,2025,tillering,40,,310.67449266301,,,GradientBoostingRegressor,D:\BIG_Works_Done\Crop_yeild_predictions\models\regression\best_model_tillering.joblib,32,1,0,0,0,0,pending_actual_apy,1
