case_id,season_year,yield_kg_ha,yield_quintile
GUJ_AHMEDABAD_2020_2021,2020,2607.08,1.0
GUJ_AHMEDABAD_2021_2022,2021,2539.06,1.0
GUJ_AHMEDABAD_2022_2023,2022,2349.85,1.0
GUJ_AHMEDABAD_2023_2024,2023,2392.94,1.0
GUJ_AMRELI_2020_2021,2020,3710.39,5.0
GUJ_AMRELI_2021_2022,2021,3823.26,5.0
GUJ_AMRELI_2022_2023,2022,3742.48,5.0
GUJ_AMRELI_2023_2024,2023,3736.18,5.0
GUJ_ANAND_2020_2021,2020,2993.48,2.0
GUJ_ANAND_2021_2022,2021,3105.39,3.0
GUJ_ANAND_2022_2023,2022,3068.06,3.0
GUJ_ANAND_2023_2024,2023,3056.23,3.0
GUJ_ARVALLI_2020_2021,2020,2566.98,1.0
GUJ_ARVALLI_2021_2022,2021,2962.24,2.0
GUJ_ARVALLI_2022_2023,2022,2882.34,2.0
GUJ_ARVALLI_2023_2024,2023,2917.87,2.0
GUJ_BANASKANTHA_2020_2021,2020,3097.09,3.0
GUJ_BANASKANTHA_2021_2022,2021,3104.38,3.0
GUJ_BANASKANTHA_2022_2023,2022,3067.3,3.0
GUJ_BANASKANTHA_2023_2024,2023,3099.37,3.0
GUJ_BHARUCH_2020_2021,2020,1955.27,1.0
GUJ_BHARUCH_2021_2022,2021,2028.6,1.0
GUJ_BHARUCH_2022_2023,2022,2000.74,1.0
GUJ_BHARUCH_2023_2024,2023,2022.43,1.0
GUJ_BHAVNAGAR_2020_2021,2020,3229.49,3.0
GUJ_BHAVNAGAR_2021_2022,2021,3244.39,4.0
GUJ_BHAVNAGAR_2022_2023,2022,3078.79,3.0
GUJ_BHAVNAGAR_2023_2024,2023,3209.12,3.0
GUJ_BOTAD_2020_2021,2020,3525.53,4.0
GUJ_BOTAD_2021_2022,2021,3587.64,4.0
GUJ_BOTAD_2022_2023,2022,3657.22,4.0
GUJ_BOTAD_2023_2024,2023,3692.25,4.0
GUJ_CHHOTA_UDEPUR_2020_2021,2020,3270.67,4.0
GUJ_CHHOTA_UDEPUR_2021_2022,2021,3305.3,4.0
GUJ_CHHOTA_UDEPUR_2022_2023,2022,3285.24,4.0
GUJ_CHHOTA_UDEPUR_2023_2024,2023,3090.51,3.0
GUJ_DAHOD_2020_2021,2020,2378.16,1.0
GUJ_DAHOD_2021_2022,2021,2346.41,1.0
GUJ_DAHOD_2022_2023,2022,2697.13,2.0
GUJ_DAHOD_2023_2024,2023,2560.13,1.0
GUJ_DANGS_2020_2021,2020,3270.67,4.0
GUJ_DANGS_2021_2022,2021,3254.48,4.0
GUJ_DANGS_2022_2023,2022,3224.48,3.0
GUJ_DANGS_2023_2024,2023,3251.38,4.0
GUJ_DEVBHOOMI_DWARKA_2020_2021,2020,4343.43,5.0
GUJ_DEVBHOOMI_DWARKA_2021_2022,2021,4486.98,5.0
GUJ_DEVBHOOMI_DWARKA_2022_2023,2022,4025.69,5.0
GUJ_DEVBHOOMI_DWARKA_2023_2024,2023,4125.76,5.0
GUJ_GANDHINAGAR_2020_2021,2020,3503.47,4.0
GUJ_GANDHINAGAR_2021_2022,2021,3641.34,4.0
GUJ_GANDHINAGAR_2022_2023,2022,3665.47,4.0
GUJ_GANDHINAGAR_2023_2024,2023,3631.05,4.0
GUJ_GIR_SOMNATH_2020_2021,2020,4252.87,5.0
GUJ_GIR_SOMNATH_2021_2022,2021,4393.69,5.0
GUJ_GIR_SOMNATH_2022_2023,2022,4044.88,5.0
GUJ_GIR_SOMNATH_2023_2024,2023,4078.9,5.0
GUJ_JAMNAGAR_2020_2021,2020,3782.74,5.0
GUJ_JAMNAGAR_2021_2022,2021,3875.58,5.0
GUJ_JAMNAGAR_2022_2023,2022,4248.05,5.0
GUJ_JAMNAGAR_2023_2024,2023,4115.41,5.0
GUJ_JUNAGADH_2020_2021,2020,4388.12,5.0
GUJ_JUNAGADH_2021_2022,2021,4015.55,5.0
GUJ_JUNAGADH_2022_2023,2022,3997.9,5.0
GUJ_JUNAGADH_2023_2024,2023,3979.6,5.0
GUJ_KACHCHH_2020_2021,2020,2908.59,2.0
GUJ_KACHCHH_2021_2022,2021,2970.67,2.0
GUJ_KACHCHH_2022_2023,2022,2709.87,2.0
GUJ_KACHCHH_2023_2024,2023,2858.91,2.0
GUJ_KHEDA_2020_2021,2020,3025.91,3.0
GUJ_KHEDA_2021_2022,2021,2967.09,2.0
GUJ_KHEDA_2022_2023,2022,3046.84,3.0
GUJ_KHEDA_2023_2024,2023,2974.78,2.0
GUJ_MAHISAGAR_2020_2021,2020,2522.28,1.0
GUJ_MAHISAGAR_2021_2022,2021,2815.46,2.0
GUJ_MAHISAGAR_2022_2023,2022,3015.91,3.0
GUJ_MAHISAGAR_2023_2024,2023,2658.56,1.0
GUJ_MEHSANA_2020_2021,2020,3389.73,4.0
GUJ_MEHSANA_2021_2022,2021,3292.8,4.0
GUJ_MEHSANA_2022_2023,2022,3169.33,3.0
GUJ_MEHSANA_2023_2024,2023,3255.21,4.0
GUJ_MORBI_2020_2021,2020,3003.39,3.0
GUJ_MORBI_2021_2022,2021,3580.21,4.0
GUJ_MORBI_2022_2023,2022,3514.86,4.0
GUJ_MORBI_2023_2024,2023,3476.32,4.0
GUJ_NARMADA_2020_2021,2020,2801.6,2.0
GUJ_NARMADA_2021_2022,2021,2807.79,2.0
GUJ_NARMADA_2022_2023,2022,2757.0,2.0
GUJ_NARMADA_2023_2024,2023,2774.5,2.0
GUJ_NAVSARI_2020_2021,2020,3270.67,4.0
GUJ_NAVSARI_2021_2022,2021,3254.48,4.0
GUJ_NAVSARI_2022_2023,2022,3224.48,3.0
GUJ_NAVSARI_2023_2024,2023,3226.34,3.0
GUJ_PANCHMAHAL_2020_2021,2020,2259.91,1.0
GUJ_PANCHMAHAL_2021_2022,2021,2224.53,1.0
GUJ_PANCHMAHAL_2022_2023,2022,2288.79,1.0
GUJ_PANCHMAHAL_2023_2024,2023,2417.34,1.0
GUJ_PATAN_2020_2021,2020,2780.87,2.0
GUJ_PATAN_2021_2022,2021,2903.98,2.0
GUJ_PATAN_2022_2023,2022,2783.09,2.0
GUJ_PATAN_2023_2024,2023,2822.57,2.0
GUJ_PORBANDAR_2020_2021,2020,3386.79,4.0
GUJ_PORBANDAR_2021_2022,2021,3699.69,4.0
GUJ_PORBANDAR_2022_2023,2022,3858.56,5.0
GUJ_PORBANDAR_2023_2024,2023,3708.51,5.0
GUJ_RAJKOT_2020_2021,2020,3787.13,5.0
GUJ_RAJKOT_2021_2022,2021,3799.54,5.0
GUJ_RAJKOT_2022_2023,2022,3854.33,5.0
GUJ_RAJKOT_2023_2024,2023,3914.21,5.0
GUJ_SABARKANTHA_2020_2021,2020,3283.5,4.0
GUJ_SABARKANTHA_2021_2022,2021,3539.26,4.0
GUJ_SABARKANTHA_2022_2023,2022,3234.9,3.0
GUJ_SABARKANTHA_2023_2024,2023,3298.44,4.0
GUJ_SURAT_2020_2021,2020,2653.3,1.0
GUJ_SURAT_2021_2022,2021,2557.35,1.0
GUJ_SURAT_2022_2023,2022,2566.72,1.0
GUJ_SURAT_2023_2024,2023,2561.77,1.0
GUJ_SURENDRANAGAR_2020_2021,2020,2996.11,2.0
GUJ_SURENDRANAGAR_2021_2022,2021,3205.02,3.0
GUJ_SURENDRANAGAR_2022_2023,2022,2995.77,2.0
GUJ_SURENDRANAGAR_2023_2024,2023,2976.63,2.0
GUJ_TAPI_2020_2021,2020,3098.87,3.0
GUJ_TAPI_2021_2022,2021,3025.99,3.0
GUJ_TAPI_2022_2023,2022,3007.86,3.0
GUJ_TAPI_2023_2024,2023,3108.66,3.0
GUJ_VADODARA_2020_2021,2020,2472.27,1.0
GUJ_VADODARA_2021_2022,2021,2393.11,1.0
GUJ_VADODARA_2022_2023,2022,2828.84,2.0
GUJ_VADODARA_2023_2024,2023,2649.15,1.0
GUJ_VALSAD_2020_2021,2020,0.0,1.0
GUJ_VALSAD_2021_2022,2021,0.0,1.0
GUJ_VALSAD_2022_2023,2022,0.0,1.0
GUJ_VALSAD_2023_2024,2023,0.0,1.0
GUJ_AHMEDABAD_2024_2025,2024,,
GUJ_AMRELI_2024_2025,2024,,
GUJ_ANAND_2024_2025,2024,,
GUJ_ARVALLI_2024_2025,2024,,
GUJ_BANASKANTHA_2024_2025,2024,,
GUJ_BHARUCH_2024_2025,2024,,
GUJ_BHAVNAGAR_2024_2025,2024,,
GUJ_BOTAD_2024_2025,2024,,
GUJ_CHHOTA_UDEPUR_2024_2025,2024,,
GUJ_DAHOD_2024_2025,2024,,
GUJ_DANGS_2024_2025,2024,,
GUJ_DEVBHOOMI_DWARKA_2024_2025,2024,,
GUJ_GANDHINAGAR_2024_2025,2024,,
GUJ_GIR_SOMNATH_2024_2025,2024,,
GUJ_JAMNAGAR_2024_2025,2024,,
GUJ_JUNAGADH_2024_2025,2024,,
GUJ_KACHCHH_2024_2025,2024,,
GUJ_KHEDA_2024_2025,2024,,
GUJ_MAHISAGAR_2024_2025,2024,,
GUJ_MEHSANA_2024_2025,2024,,
GUJ_MORBI_2024_2025,2024,,
GUJ_NARMADA_2024_2025,2024,,
GUJ_NAVSARI_2024_2025,2024,,
GUJ_PANCHMAHAL_2024_2025,2024,,
GUJ_PATAN_2024_2025,2024,,
GUJ_PORBANDAR_2024_2025,2024,,
GUJ_RAJKOT_2024_2025,2024,,
GUJ_SABARKANTHA_2024_2025,2024,,
GUJ_SURAT_2024_2025,2024,,
GUJ_SURENDRANAGAR_2024_2025,2024,,
GUJ_TAPI_2024_2025,2024,,
GUJ_VADODARA_2024_2025,2024,,
GUJ_VALSAD_2024_2025,2024,,
