district,state,crop,season,agri_year,season_year_start,season_year_end,area_000_ha,production_000_mt,yield_kg_ha,source_file,source_sheet,notes
Ahmedabad,Gujarat,wheat,rabi,2020-21,2020,2021,1564.62,4079.09,2607.08,20-23.xlsx,Table 1,
Ahmedabad,Gujarat,wheat,rabi,2021-22,2021,2022,1624.67,4125.14,2539.06,23-24.xlsx,Table 1,
Ahmedabad,Gujarat,wheat,rabi,2022-23,2022,2023,1532.74,3601.7,2349.85,23-24.xlsx,Table 1,
Ahmedabad,Gujarat,wheat,rabi,2023-24,2023,2024,1538.73,3682.08,2392.94,23-24.xlsx,Table 1,
Amreli,Gujarat,wheat,rabi,2020-21,2020,2021,318.6,1182.13,3710.39,20-23.xlsx,Table 1,
Amreli,Gujarat,wheat,rabi,2021-22,2021,2022,206.73,790.38,3823.26,23-24.xlsx,Table 1,
Amreli,Gujarat,wheat,rabi,2022-23,2022,2023,282.75,1058.19,3742.48,23-24.xlsx,Table 1,
Amreli,Gujarat,wheat,rabi,2023-24,2023,2024,293.78,1097.6,3736.18,23-24.xlsx,Table 1,
Anand,Gujarat,wheat,rabi,2020-21,2020,2021,583.13,1745.59,2993.48,20-23.xlsx,Table 1,
Anand,Gujarat,wheat,rabi,2021-22,2021,2022,575.81,1788.11,3105.39,23-24.xlsx,Table 1,
Anand,Gujarat,wheat,rabi,2022-23,2022,2023,549.83,1686.91,3068.06,23-24.xlsx,Table 1,
Anand,Gujarat,wheat,rabi,2023-24,2023,2024,538.95,1647.17,3056.23,23-24.xlsx,Table 1,
Arvalli,Gujarat,wheat,rabi,2020-21,2020,2021,707.94,1817.27,2566.98,20-23.xlsx,Table 1,
Arvalli,Gujarat,wheat,rabi,2021-22,2021,2022,659.15,1952.56,2962.24,23-24.xlsx,Table 1,
Arvalli,Gujarat,wheat,rabi,2022-23,2022,2023,795.17,2291.95,2882.34,23-24.xlsx,Table 1,
Arvalli,Gujarat,wheat,rabi,2023-24,2023,2024,755.94,2205.74,2917.87,23-24.xlsx,Table 1,
Banaskantha,Gujarat,wheat,rabi,2020-21,2020,2021,690.39,2138.2,3097.09,20-23.xlsx,Table 1,
Banaskantha,Gujarat,wheat,rabi,2021-22,2021,2022,656.75,2038.8,3104.38,23-24.xlsx,Table 1,
Banaskantha,Gujarat,wheat,rabi,2022-23,2022,2023,649.3,1991.6,3067.3,23-24.xlsx,Table 1,
Banaskantha,Gujarat,wheat,rabi,2023-24,2023,2024,668.14,2070.81,3099.37,23-24.xlsx,Table 1,
Bharuch,Gujarat,wheat,rabi,2020-21,2020,2021,188.5,368.57,1955.27,20-23.xlsx,Table 1,
Bharuch,Gujarat,wheat,rabi,2021-22,2021,2022,184.25,373.77,2028.6,23-24.xlsx,Table 1,
Bharuch,Gujarat,wheat,rabi,2022-23,2022,2023,193.75,387.64,2000.74,23-24.xlsx,Table 1,
Bharuch,Gujarat,wheat,rabi,2023-24,2023,2024,188.11,380.43,2022.43,23-24.xlsx,Table 1,
Bhavnagar,Gujarat,wheat,rabi,2020-21,2020,2021,238.69,770.85,3229.49,20-23.xlsx,Table 1,
Bhavnagar,Gujarat,wheat,rabi,2021-22,2021,2022,282.74,917.32,3244.39,23-24.xlsx,Table 1,
Bhavnagar,Gujarat,wheat,rabi,2022-23,2022,2023,227.09,699.16,3078.79,23-24.xlsx,Table 1,
Bhavnagar,Gujarat,wheat,rabi,2023-24,2023,2024,234.01,750.97,3209.12,23-24.xlsx,Table 1,
Botad,Gujarat,wheat,rabi,2020-21,2020,2021,158.85,560.03,3525.53,20-23.xlsx,Table 1,
Botad,Gujarat,wheat,rabi,2021-22,2021,2022,86.33,309.72,3587.64,23-24.xlsx,Table 1,
Botad,Gujarat,wheat,rabi,2022-23,2022,2023,120.03,438.98,3657.22,23-24.xlsx,Table 1,
Botad,Gujarat,wheat,rabi,2023-24,2023,2024,129.71,478.93,3692.25,23-24.xlsx,Table 1,
Chhota Udepur,Gujarat,wheat,rabi,2020-21,2020,2021,18.01,58.9,3270.67,20-23.xlsx,Table 1,
Chhota Udepur,Gujarat,wheat,rabi,2021-22,2021,2022,9.8,32.39,3305.3,23-24.xlsx,Table 1,
Chhota Udepur,Gujarat,wheat,rabi,2022-23,2022,2023,8.97,29.47,3285.24,23-24.xlsx,Table 1,
Chhota Udepur,Gujarat,wheat,rabi,2023-24,2023,2024,8.65,26.74,3090.51,23-24.xlsx,Table 1,
Dahod,Gujarat,wheat,rabi,2020-21,2020,2021,529.36,1258.9,2378.16,20-23.xlsx,Table 1,
Dahod,Gujarat,wheat,rabi,2021-22,2021,2022,562.41,1319.64,2346.41,23-24.xlsx,Table 1,
Dahod,Gujarat,wheat,rabi,2022-23,2022,2023,584.56,1576.63,2697.13,23-24.xlsx,Table 1,
Dahod,Gujarat,wheat,rabi,2023-24,2023,2024,579.98,1484.83,2560.13,23-24.xlsx,Table 1,
Dangs,Gujarat,wheat,rabi,2020-21,2020,2021,3.1,10.14,3270.67,20-23.xlsx,Table 1,
Dangs,Gujarat,wheat,rabi,2021-22,2021,2022,3.04,9.89,3254.48,23-24.xlsx,Table 1,
Dangs,Gujarat,wheat,rabi,2022-23,2022,2023,0.35,1.13,3224.48,23-24.xlsx,Table 1,
Dangs,Gujarat,wheat,rabi,2023-24,2023,2024,1.7,5.51,3251.38,23-24.xlsx,Table 1,
Devbhoomi Dwarka,Gujarat,wheat,rabi,2020-21,2020,2021,128.43,557.83,4343.43,20-23.xlsx,Table 1,
Devbhoomi Dwarka,Gujarat,wheat,rabi,2021-22,2021,2022,80.47,361.07,4486.98,23-24.xlsx,Table 1,
Devbhoomi Dwarka,Gujarat,wheat,rabi,2022-23,2022,2023,80.3,323.26,4025.69,23-24.xlsx,Table 1,
Devbhoomi Dwarka,Gujarat,wheat,rabi,2023-24,2023,2024,70.56,291.1,4125.76,23-24.xlsx,Table 1,
Gandhinagar,Gujarat,wheat,rabi,2020-21,2020,2021,288.43,1010.51,3503.47,20-23.xlsx,Table 1,
Gandhinagar,Gujarat,wheat,rabi,2021-22,2021,2022,338.36,1232.08,3641.34,23-24.xlsx,Table 1,
Gandhinagar,Gujarat,wheat,rabi,2022-23,2022,2023,323.64,1186.29,3665.47,23-24.xlsx,Table 1,
Gandhinagar,Gujarat,wheat,rabi,2023-24,2023,2024,320.95,1165.37,3631.05,23-24.xlsx,Table 1,
Gir Somnath,Gujarat,wheat,rabi,2020-21,2020,2021,493.6,2099.22,4252.87,20-23.xlsx,Table 1,
Gir Somnath,Gujarat,wheat,rabi,2021-22,2021,2022,390.79,1717.01,4393.69,23-24.xlsx,Table 1,
Gir Somnath,Gujarat,wheat,rabi,2022-23,2022,2023,462.3,1869.95,4044.88,23-24.xlsx,Table 1,
Gir Somnath,Gujarat,wheat,rabi,2023-24,2023,2024,440.39,1796.31,4078.9,23-24.xlsx,Table 1,
Jamnagar,Gujarat,wheat,rabi,2020-21,2020,2021,533.92,2019.68,3782.74,20-23.xlsx,Table 1,
Jamnagar,Gujarat,wheat,rabi,2021-22,2021,2022,332.72,1289.48,3875.58,23-24.xlsx,Table 1,
Jamnagar,Gujarat,wheat,rabi,2022-23,2022,2023,326.15,1385.5,4248.05,23-24.xlsx,Table 1,
Jamnagar,Gujarat,wheat,rabi,2023-24,2023,2024,311.48,1281.88,4115.41,23-24.xlsx,Table 1,
Junagadh,Gujarat,wheat,rabi,2020-21,2020,2021,924.86,4058.39,4388.12,20-23.xlsx,Table 1,
Junagadh,Gujarat,wheat,rabi,2021-22,2021,2022,819.45,3290.54,4015.55,23-24.xlsx,Table 1,
Junagadh,Gujarat,wheat,rabi,2022-23,2022,2023,933.1,3730.44,3997.9,23-24.xlsx,Table 1,
Junagadh,Gujarat,wheat,rabi,2023-24,2023,2024,895.32,3563.0,3979.6,23-24.xlsx,Table 1,
Kachchh,Gujarat,wheat,rabi,2020-21,2020,2021,357.49,1039.79,2908.59,20-23.xlsx,Table 1,
Kachchh,Gujarat,wheat,rabi,2021-22,2021,2022,317.14,942.12,2970.67,23-24.xlsx,Table 1,
Kachchh,Gujarat,wheat,rabi,2022-23,2022,2023,318.08,861.95,2709.87,23-24.xlsx,Table 1,
Kachchh,Gujarat,wheat,rabi,2023-24,2023,2024,329.23,941.23,2858.91,23-24.xlsx,Table 1,
Kheda,Gujarat,wheat,rabi,2020-21,2020,2021,755.34,2285.59,3025.91,20-23.xlsx,Table 1,
Kheda,Gujarat,wheat,rabi,2021-22,2021,2022,769.6,2283.47,2967.09,23-24.xlsx,Table 1,
Kheda,Gujarat,wheat,rabi,2022-23,2022,2023,748.77,2281.38,3046.84,23-24.xlsx,Table 1,
Kheda,Gujarat,wheat,rabi,2023-24,2023,2024,749.87,2230.71,2974.78,23-24.xlsx,Table 1,
Mahisagar,Gujarat,wheat,rabi,2020-21,2020,2021,225.45,568.65,2522.28,20-23.xlsx,Table 1,
Mahisagar,Gujarat,wheat,rabi,2021-22,2021,2022,246.73,694.66,2815.46,23-24.xlsx,Table 1,
Mahisagar,Gujarat,wheat,rabi,2022-23,2022,2023,274.18,826.9,3015.91,23-24.xlsx,Table 1,
Mahisagar,Gujarat,wheat,rabi,2023-24,2023,2024,261.02,693.94,2658.56,23-24.xlsx,Table 1,
Mehsana,Gujarat,wheat,rabi,2020-21,2020,2021,717.51,2432.16,3389.73,20-23.xlsx,Table 1,
Mehsana,Gujarat,wheat,rabi,2021-22,2021,2022,681.27,2243.28,3292.8,23-24.xlsx,Table 1,
Mehsana,Gujarat,wheat,rabi,2022-23,2022,2023,668.78,2119.59,3169.33,23-24.xlsx,Table 1,
Mehsana,Gujarat,wheat,rabi,2023-24,2023,2024,671.46,2185.73,3255.21,23-24.xlsx,Table 1,
Morbi,Gujarat,wheat,rabi,2020-21,2020,2021,342.94,1029.98,3003.39,20-23.xlsx,Table 1,
Morbi,Gujarat,wheat,rabi,2021-22,2021,2022,436.55,1562.94,3580.21,23-24.xlsx,Table 1,
Morbi,Gujarat,wheat,rabi,2022-23,2022,2023,443.25,1557.96,3514.86,23-24.xlsx,Table 1,
Morbi,Gujarat,wheat,rabi,2023-24,2023,2024,402.88,1400.55,3476.32,23-24.xlsx,Table 1,
Narmada,Gujarat,wheat,rabi,2020-21,2020,2021,18.64,52.22,2801.6,20-23.xlsx,Table 1,
Narmada,Gujarat,wheat,rabi,2021-22,2021,2022,12.77,35.86,2807.79,23-24.xlsx,Table 1,
Narmada,Gujarat,wheat,rabi,2022-23,2022,2023,17.23,47.5,2757.0,23-24.xlsx,Table 1,
Narmada,Gujarat,wheat,rabi,2023-24,2023,2024,15.29,42.41,2774.5,23-24.xlsx,Table 1,
Navsari,Gujarat,wheat,rabi,2020-21,2020,2021,0.25,0.82,3270.67,20-23.xlsx,Table 1,
Navsari,Gujarat,wheat,rabi,2021-22,2021,2022,0.2,0.65,3254.48,23-24.xlsx,Table 1,
Navsari,Gujarat,wheat,rabi,2022-23,2022,2023,0.33,1.06,3224.48,23-24.xlsx,Table 1,
Navsari,Gujarat,wheat,rabi,2023-24,2023,2024,0.21,0.68,3226.34,23-24.xlsx,Table 1,
Panchmahal,Gujarat,wheat,rabi,2020-21,2020,2021,109.82,248.18,2259.91,20-23.xlsx,Table 1,
Panchmahal,Gujarat,wheat,rabi,2021-22,2021,2022,122.49,272.48,2224.53,23-24.xlsx,Table 1,
Panchmahal,Gujarat,wheat,rabi,2022-23,2022,2023,117.8,269.62,2288.79,23-24.xlsx,Table 1,
Panchmahal,Gujarat,wheat,rabi,2023-24,2023,2024,130.14,314.59,2417.34,23-24.xlsx,Table 1,
Patan,Gujarat,wheat,rabi,2020-21,2020,2021,361.57,1005.48,2780.87,20-23.xlsx,Table 1,
Patan,Gujarat,wheat,rabi,2021-22,2021,2022,345.8,1004.2,2903.98,23-24.xlsx,Table 1,
Patan,Gujarat,wheat,rabi,2022-23,2022,2023,451.93,1257.76,2783.09,23-24.xlsx,Table 1,
Patan,Gujarat,wheat,rabi,2023-24,2023,2024,395.58,1116.54,2822.57,23-24.xlsx,Table 1,
Porbandar,Gujarat,wheat,rabi,2020-21,2020,2021,314.6,1065.48,3386.79,20-23.xlsx,Table 1,
Porbandar,Gujarat,wheat,rabi,2021-22,2021,2022,251.8,931.58,3699.69,23-24.xlsx,Table 1,
Porbandar,Gujarat,wheat,rabi,2022-23,2022,2023,231.2,892.1,3858.56,23-24.xlsx,Table 1,
Porbandar,Gujarat,wheat,rabi,2023-24,2023,2024,216.05,801.22,3708.51,23-24.xlsx,Table 1,
Rajkot,Gujarat,wheat,rabi,2020-21,2020,2021,1195.12,4526.07,3787.13,20-23.xlsx,Table 1,
Rajkot,Gujarat,wheat,rabi,2021-22,2021,2022,915.2,3477.34,3799.54,23-24.xlsx,Table 1,
Rajkot,Gujarat,wheat,rabi,2022-23,2022,2023,900.77,3471.87,3854.33,23-24.xlsx,Table 1,
Rajkot,Gujarat,wheat,rabi,2023-24,2023,2024,891.27,3488.62,3914.21,23-24.xlsx,Table 1,
Sabarkantha,Gujarat,wheat,rabi,2020-21,2020,2021,961.39,3156.73,3283.5,20-23.xlsx,Table 1,
Sabarkantha,Gujarat,wheat,rabi,2021-22,2021,2022,771.55,2730.71,3539.26,23-24.xlsx,Table 1,
Sabarkantha,Gujarat,wheat,rabi,2022-23,2022,2023,860.99,2785.21,3234.9,23-24.xlsx,Table 1,
Sabarkantha,Gujarat,wheat,rabi,2023-24,2023,2024,825.94,2724.3,3298.44,23-24.xlsx,Table 1,
Surat,Gujarat,wheat,rabi,2020-21,2020,2021,57.67,153.02,2653.3,20-23.xlsx,Table 1,
Surat,Gujarat,wheat,rabi,2021-22,2021,2022,53.79,137.56,2557.35,23-24.xlsx,Table 1,
Surat,Gujarat,wheat,rabi,2022-23,2022,2023,42.36,108.73,2566.72,23-24.xlsx,Table 1,
Surat,Gujarat,wheat,rabi,2023-24,2023,2024,42.97,110.09,2561.77,23-24.xlsx,Table 1,
Surendranagar,Gujarat,wheat,rabi,2020-21,2020,2021,567.22,1699.45,2996.11,20-23.xlsx,Table 1,
Surendranagar,Gujarat,wheat,rabi,2021-22,2021,2022,467.59,1498.63,3205.02,23-24.xlsx,Table 1,
Surendranagar,Gujarat,wheat,rabi,2022-23,2022,2023,465.17,1393.54,2995.77,23-24.xlsx,Table 1,
Surendranagar,Gujarat,wheat,rabi,2023-24,2023,2024,426.95,1270.88,2976.63,23-24.xlsx,Table 1,
Tapi,Gujarat,wheat,rabi,2020-21,2020,2021,44.48,137.84,3098.87,20-23.xlsx,Table 1,
Tapi,Gujarat,wheat,rabi,2021-22,2021,2022,41.86,126.67,3025.99,23-24.xlsx,Table 1,
Tapi,Gujarat,wheat,rabi,2022-23,2022,2023,40.24,121.04,3007.86,23-24.xlsx,Table 1,
Tapi,Gujarat,wheat,rabi,2023-24,2023,2024,40.74,126.65,3108.66,23-24.xlsx,Table 1,
Vadodara,Gujarat,wheat,rabi,2020-21,2020,2021,263.61,651.71,2472.27,20-23.xlsx,Table 1,
Vadodara,Gujarat,wheat,rabi,2021-22,2021,2022,290.53,695.27,2393.11,23-24.xlsx,Table 1,
Vadodara,Gujarat,wheat,rabi,2022-23,2022,2023,277.31,784.47,2828.84,23-24.xlsx,Table 1,
Vadodara,Gujarat,wheat,rabi,2023-24,2023,2024,268.2,710.51,2649.15,23-24.xlsx,Table 1,
Valsad,Gujarat,wheat,rabi,2020-21,2020,2021,0.0,0.0,0.0,20-23.xlsx,Table 1,
Valsad,Gujarat,wheat,rabi,2021-22,2021,2022,0.0,0.0,0.0,23-24.xlsx,Table 1,
Valsad,Gujarat,wheat,rabi,2022-23,2022,2023,0.0,0.0,0.0,23-24.xlsx,Table 1,
Valsad,Gujarat,wheat,rabi,2023-24,2023,2024,0.0,0.0,0.0,23-24.xlsx,Table 1,
