case_id,district,season_year_start,season_year_end,field_id,latitude,longitude,coordinate_source
GUJ_AHMEDABAD_2020_2021,Ahmedabad,2020,2021,Field04,22.91838831,72.54314104,real_farm_coordinate
GUJ_AHMEDABAD_2020_2021,Ahmedabad,2020,2021,Field06,22.93904242,72.43619763,real_farm_coordinate
GUJ_AHMEDABAD_2020_2021,Ahmedabad,2020,2021,Field07,22.92338075,72.68122852,real_farm_coordinate
GUJ_AHMEDABAD_2021_2022,Ahmedabad,2021,2022,Field04,22.91838831,72.54314104,real_farm_coordinate
GUJ_AHMEDABAD_2021_2022,Ahmedabad,2021,2022,Field06,22.93904242,72.43619763,real_farm_coordinate
GUJ_AHMEDABAD_2021_2022,Ahmedabad,2021,2022,Field07,22.92338075,72.68122852,real_farm_coordinate
GUJ_AHMEDABAD_2022_2023,Ahmedabad,2022,2023,Field04,22.91838831,72.54314104,real_farm_coordinate
GUJ_AHMEDABAD_2022_2023,Ahmedabad,2022,2023,Field06,22.93904242,72.43619763,real_farm_coordinate
GUJ_AHMEDABAD_2022_2023,Ahmedabad,2022,2023,Field07,22.92338075,72.68122852,real_farm_coordinate
GUJ_AHMEDABAD_2023_2024,Ahmedabad,2023,2024,Field04,22.91838831,72.54314104,real_farm_coordinate
GUJ_AHMEDABAD_2023_2024,Ahmedabad,2023,2024,Field06,22.93904242,72.43619763,real_farm_coordinate
GUJ_AHMEDABAD_2023_2024,Ahmedabad,2023,2024,Field07,22.92338075,72.68122852,real_farm_coordinate
GUJ_AMRELI_2020_2021,Amreli,2020,2021,AMRELI_CENTROID,21.6032,71.2221,district_centroid_fallback
GUJ_AMRELI_2021_2022,Amreli,2021,2022,AMRELI_CENTROID,21.6032,71.2221,district_centroid_fallback
GUJ_AMRELI_2022_2023,Amreli,2022,2023,AMRELI_CENTROID,21.6032,71.2221,district_centroid_fallback
GUJ_AMRELI_2023_2024,Amreli,2023,2024,AMRELI_CENTROID,21.6032,71.2221,district_centroid_fallback
GUJ_ANAND_2020_2021,Anand,2020,2021,ANAND_CENTROID,22.5645,72.9289,district_centroid_fallback
GUJ_ANAND_2021_2022,Anand,2021,2022,ANAND_CENTROID,22.5645,72.9289,district_centroid_fallback
GUJ_ANAND_2022_2023,Anand,2022,2023,ANAND_CENTROID,22.5645,72.9289,district_centroid_fallback
GUJ_ANAND_2023_2024,Anand,2023,2024,ANAND_CENTROID,22.5645,72.9289,district_centroid_fallback
GUJ_ARVALLI_2020_2021,Arvalli,2020,2021,ARVALLI_CENTROID,23.1156,73.0017,district_centroid_fallback
GUJ_ARVALLI_2021_2022,Arvalli,2021,2022,ARVALLI_CENTROID,23.1156,73.0017,district_centroid_fallback
GUJ_ARVALLI_2022_2023,Arvalli,2022,2023,ARVALLI_CENTROID,23.1156,73.0017,district_centroid_fallback
GUJ_ARVALLI_2023_2024,Arvalli,2023,2024,ARVALLI_CENTROID,23.1156,73.0017,district_centroid_fallback
GUJ_BANASKANTHA_2020_2021,Banaskantha,2020,2021,BANASKANTHA_CENTROID,24.1747,72.4331,district_centroid_fallback
GUJ_BANASKANTHA_2021_2022,Banaskantha,2021,2022,BANASKANTHA_CENTROID,24.1747,72.4331,district_centroid_fallback
GUJ_BANASKANTHA_2022_2023,Banaskantha,2022,2023,BANASKANTHA_CENTROID,24.1747,72.4331,district_centroid_fallback
GUJ_BANASKANTHA_2023_2024,Banaskantha,2023,2024,BANASKANTHA_CENTROID,24.1747,72.4331,district_centroid_fallback
GUJ_BHARUCH_2020_2021,Bharuch,2020,2021,BHARUCH_CENTROID,21.7051,72.9959,district_centroid_fallback
GUJ_BHARUCH_2021_2022,Bharuch,2021,2022,BHARUCH_CENTROID,21.7051,72.9959,district_centroid_fallback
GUJ_BHARUCH_2022_2023,Bharuch,2022,2023,BHARUCH_CENTROID,21.7051,72.9959,district_centroid_fallback
GUJ_BHARUCH_2023_2024,Bharuch,2023,2024,BHARUCH_CENTROID,21.7051,72.9959,district_centroid_fallback
GUJ_BHAVNAGAR_2020_2021,Bhavnagar,2020,2021,BHAVNAGAR_CENTROID,21.7645,72.1519,district_centroid_fallback
GUJ_BHAVNAGAR_2021_2022,Bhavnagar,2021,2022,BHAVNAGAR_CENTROID,21.7645,72.1519,district_centroid_fallback
GUJ_BHAVNAGAR_2022_2023,Bhavnagar,2022,2023,BHAVNAGAR_CENTROID,21.7645,72.1519,district_centroid_fallback
GUJ_BHAVNAGAR_2023_2024,Bhavnagar,2023,2024,BHAVNAGAR_CENTROID,21.7645,72.1519,district_centroid_fallback
GUJ_BOTAD_2020_2021,Botad,2020,2021,BOTAD_CENTROID,22.1692,71.6663,district_centroid_fallback
GUJ_BOTAD_2021_2022,Botad,2021,2022,BOTAD_CENTROID,22.1692,71.6663,district_centroid_fallback
GUJ_BOTAD_2022_2023,Botad,2022,2023,BOTAD_CENTROID,22.1692,71.6663,district_centroid_fallback
GUJ_BOTAD_2023_2024,Botad,2023,2024,BOTAD_CENTROID,22.1692,71.6663,district_centroid_fallback
GUJ_CHHOTA_UDEPUR_2020_2021,Chhota Udepur,2020,2021,CHHOTA UDEPUR_CENTROID,22.3085,74.0123,district_centroid_fallback
GUJ_CHHOTA_UDEPUR_2021_2022,Chhota Udepur,2021,2022,CHHOTA UDEPUR_CENTROID,22.3085,74.0123,district_centroid_fallback
GUJ_CHHOTA_UDEPUR_2022_2023,Chhota Udepur,2022,2023,CHHOTA UDEPUR_CENTROID,22.3085,74.0123,district_centroid_fallback
GUJ_CHHOTA_UDEPUR_2023_2024,Chhota Udepur,2023,2024,CHHOTA UDEPUR_CENTROID,22.3085,74.0123,district_centroid_fallback
GUJ_DAHOD_2020_2021,Dahod,2020,2021,DAHOD_CENTROID,22.8379,74.2531,district_centroid_fallback
GUJ_DAHOD_2021_2022,Dahod,2021,2022,DAHOD_CENTROID,22.8379,74.2531,district_centroid_fallback
GUJ_DAHOD_2022_2023,Dahod,2022,2023,DAHOD_CENTROID,22.8379,74.2531,district_centroid_fallback
GUJ_DAHOD_2023_2024,Dahod,2023,2024,DAHOD_CENTROID,22.8379,74.2531,district_centroid_fallback
GUJ_DANGS_2020_2021,Dangs,2020,2021,DANGS_CENTROID,20.7577,73.6869,district_centroid_fallback
GUJ_DANGS_2021_2022,Dangs,2021,2022,DANGS_CENTROID,20.7577,73.6869,district_centroid_fallback
GUJ_DANGS_2022_2023,Dangs,2022,2023,DANGS_CENTROID,20.7577,73.6869,district_centroid_fallback
GUJ_DANGS_2023_2024,Dangs,2023,2024,DANGS_CENTROID,20.7577,73.6869,district_centroid_fallback
GUJ_DEVBHOOMI_DWARKA_2020_2021,Devbhoomi Dwarka,2020,2021,DEVBHOOMI DWARKA_CENTROID,22.238,69.343,district_centroid_fallback
GUJ_DEVBHOOMI_DWARKA_2021_2022,Devbhoomi Dwarka,2021,2022,DEVBHOOMI DWARKA_CENTROID,22.238,69.343,district_centroid_fallback
GUJ_DEVBHOOMI_DWARKA_2022_2023,Devbhoomi Dwarka,2022,2023,DEVBHOOMI DWARKA_CENTROID,22.238,69.343,district_centroid_fallback
GUJ_DEVBHOOMI_DWARKA_2023_2024,Devbhoomi Dwarka,2023,2024,DEVBHOOMI DWARKA_CENTROID,22.238,69.343,district_centroid_fallback
GUJ_GANDHINAGAR_2020_2021,Gandhinagar,2020,2021,Field08,22.97967092,72.77288693,real_farm_coordinate
GUJ_GANDHINAGAR_2021_2022,Gandhinagar,2021,2022,Field08,22.97967092,72.77288693,real_farm_coordinate
GUJ_GANDHINAGAR_2022_2023,Gandhinagar,2022,2023,Field08,22.97967092,72.77288693,real_farm_coordinate
GUJ_GANDHINAGAR_2023_2024,Gandhinagar,2023,2024,Field08,22.97967092,72.77288693,real_farm_coordinate
GUJ_GIR_SOMNATH_2020_2021,Gir Somnath,2020,2021,GIR SOMNATH_CENTROID,20.9129,70.3679,district_centroid_fallback
GUJ_GIR_SOMNATH_2021_2022,Gir Somnath,2021,2022,GIR SOMNATH_CENTROID,20.9129,70.3679,district_centroid_fallback
GUJ_GIR_SOMNATH_2022_2023,Gir Somnath,2022,2023,GIR SOMNATH_CENTROID,20.9129,70.3679,district_centroid_fallback
GUJ_GIR_SOMNATH_2023_2024,Gir Somnath,2023,2024,GIR SOMNATH_CENTROID,20.9129,70.3679,district_centroid_fallback
GUJ_JAMNAGAR_2020_2021,Jamnagar,2020,2021,JAMNAGAR_CENTROID,22.4707,70.0577,district_centroid_fallback
GUJ_JAMNAGAR_2021_2022,Jamnagar,2021,2022,JAMNAGAR_CENTROID,22.4707,70.0577,district_centroid_fallback
GUJ_JAMNAGAR_2022_2023,Jamnagar,2022,2023,JAMNAGAR_CENTROID,22.4707,70.0577,district_centroid_fallback
GUJ_JAMNAGAR_2023_2024,Jamnagar,2023,2024,JAMNAGAR_CENTROID,22.4707,70.0577,district_centroid_fallback
GUJ_JUNAGADH_2020_2021,Junagadh,2020,2021,JUNAGADH_CENTROID,21.5222,70.4579,district_centroid_fallback
GUJ_JUNAGADH_2021_2022,Junagadh,2021,2022,JUNAGADH_CENTROID,21.5222,70.4579,district_centroid_fallback
GUJ_JUNAGADH_2022_2023,Junagadh,2022,2023,JUNAGADH_CENTROID,21.5222,70.4579,district_centroid_fallback
GUJ_JUNAGADH_2023_2024,Junagadh,2023,2024,JUNAGADH_CENTROID,21.5222,70.4579,district_centroid_fallback
GUJ_KACHCHH_2020_2021,Kachchh,2020,2021,KACHCHH_CENTROID,23.7337,69.8597,district_centroid_fallback
GUJ_KACHCHH_2021_2022,Kachchh,2021,2022,KACHCHH_CENTROID,23.7337,69.8597,district_centroid_fallback
GUJ_KACHCHH_2022_2023,Kachchh,2022,2023,KACHCHH_CENTROID,23.7337,69.8597,district_centroid_fallback
GUJ_KACHCHH_2023_2024,Kachchh,2023,2024,KACHCHH_CENTROID,23.7337,69.8597,district_centroid_fallback
GUJ_KHEDA_2020_2021,Kheda,2020,2021,KHEDA_CENTROID,22.75,72.7,district_centroid_fallback
GUJ_KHEDA_2021_2022,Kheda,2021,2022,KHEDA_CENTROID,22.75,72.7,district_centroid_fallback
GUJ_KHEDA_2022_2023,Kheda,2022,2023,KHEDA_CENTROID,22.75,72.7,district_centroid_fallback
GUJ_KHEDA_2023_2024,Kheda,2023,2024,KHEDA_CENTROID,22.75,72.7,district_centroid_fallback
GUJ_MAHISAGAR_2020_2021,Mahisagar,2020,2021,MAHISAGAR_CENTROID,22.8463,73.608,district_centroid_fallback
GUJ_MAHISAGAR_2021_2022,Mahisagar,2021,2022,MAHISAGAR_CENTROID,22.8463,73.608,district_centroid_fallback
GUJ_MAHISAGAR_2022_2023,Mahisagar,2022,2023,MAHISAGAR_CENTROID,22.8463,73.608,district_centroid_fallback
GUJ_MAHISAGAR_2023_2024,Mahisagar,2023,2024,MAHISAGAR_CENTROID,22.8463,73.608,district_centroid_fallback
GUJ_MEHSANA_2020_2021,Mehsana,2020,2021,Field01,22.92042415,72.78983693,real_farm_coordinate
GUJ_MEHSANA_2020_2021,Mehsana,2020,2021,Field02,23.01462017,72.80167142,real_farm_coordinate
GUJ_MEHSANA_2021_2022,Mehsana,2021,2022,Field01,22.92042415,72.78983693,real_farm_coordinate
GUJ_MEHSANA_2021_2022,Mehsana,2021,2022,Field02,23.01462017,72.80167142,real_farm_coordinate
GUJ_MEHSANA_2022_2023,Mehsana,2022,2023,Field01,22.92042415,72.78983693,real_farm_coordinate
GUJ_MEHSANA_2022_2023,Mehsana,2022,2023,Field02,23.01462017,72.80167142,real_farm_coordinate
GUJ_MEHSANA_2023_2024,Mehsana,2023,2024,Field01,22.92042415,72.78983693,real_farm_coordinate
GUJ_MEHSANA_2023_2024,Mehsana,2023,2024,Field02,23.01462017,72.80167142,real_farm_coordinate
GUJ_MORBI_2020_2021,Morbi,2020,2021,MORBI_CENTROID,22.8119,70.8236,district_centroid_fallback
GUJ_MORBI_2021_2022,Morbi,2021,2022,MORBI_CENTROID,22.8119,70.8236,district_centroid_fallback
GUJ_MORBI_2022_2023,Morbi,2022,2023,MORBI_CENTROID,22.8119,70.8236,district_centroid_fallback
GUJ_MORBI_2023_2024,Morbi,2023,2024,MORBI_CENTROID,22.8119,70.8236,district_centroid_fallback
GUJ_NARMADA_2020_2021,Narmada,2020,2021,NARMADA_CENTROID,21.869,73.7125,district_centroid_fallback
GUJ_NARMADA_2021_2022,Narmada,2021,2022,NARMADA_CENTROID,21.869,73.7125,district_centroid_fallback
GUJ_NARMADA_2022_2023,Narmada,2022,2023,NARMADA_CENTROID,21.869,73.7125,district_centroid_fallback
GUJ_NARMADA_2023_2024,Narmada,2023,2024,NARMADA_CENTROID,21.869,73.7125,district_centroid_fallback
GUJ_NAVSARI_2020_2021,Navsari,2020,2021,NAVSARI_CENTROID,20.9467,72.952,district_centroid_fallback
GUJ_NAVSARI_2021_2022,Navsari,2021,2022,NAVSARI_CENTROID,20.9467,72.952,district_centroid_fallback
GUJ_NAVSARI_2022_2023,Navsari,2022,2023,NAVSARI_CENTROID,20.9467,72.952,district_centroid_fallback
GUJ_NAVSARI_2023_2024,Navsari,2023,2024,NAVSARI_CENTROID,20.9467,72.952,district_centroid_fallback
GUJ_PANCHMAHAL_2020_2021,Panchmahal,2020,2021,PANCHMAHAL_CENTROID,22.7726,73.6149,district_centroid_fallback
GUJ_PANCHMAHAL_2021_2022,Panchmahal,2021,2022,PANCHMAHAL_CENTROID,22.7726,73.6149,district_centroid_fallback
GUJ_PANCHMAHAL_2022_2023,Panchmahal,2022,2023,PANCHMAHAL_CENTROID,22.7726,73.6149,district_centroid_fallback
GUJ_PANCHMAHAL_2023_2024,Panchmahal,2023,2024,PANCHMAHAL_CENTROID,22.7726,73.6149,district_centroid_fallback
GUJ_PATAN_2020_2021,Patan,2020,2021,PATAN_CENTROID,23.8507,72.1266,district_centroid_fallback
GUJ_PATAN_2021_2022,Patan,2021,2022,PATAN_CENTROID,23.8507,72.1266,district_centroid_fallback
GUJ_PATAN_2022_2023,Patan,2022,2023,PATAN_CENTROID,23.8507,72.1266,district_centroid_fallback
GUJ_PATAN_2023_2024,Patan,2023,2024,PATAN_CENTROID,23.8507,72.1266,district_centroid_fallback
GUJ_PORBANDAR_2020_2021,Porbandar,2020,2021,PORBANDAR_CENTROID,21.6425,69.6093,district_centroid_fallback
GUJ_PORBANDAR_2021_2022,Porbandar,2021,2022,PORBANDAR_CENTROID,21.6425,69.6093,district_centroid_fallback
GUJ_PORBANDAR_2022_2023,Porbandar,2022,2023,PORBANDAR_CENTROID,21.6425,69.6093,district_centroid_fallback
GUJ_PORBANDAR_2023_2024,Porbandar,2023,2024,PORBANDAR_CENTROID,21.6425,69.6093,district_centroid_fallback
GUJ_RAJKOT_2020_2021,Rajkot,2020,2021,RAJKOT_CENTROID,22.3039,70.8022,district_centroid_fallback
GUJ_RAJKOT_2021_2022,Rajkot,2021,2022,RAJKOT_CENTROID,22.3039,70.8022,district_centroid_fallback
GUJ_RAJKOT_2022_2023,Rajkot,2022,2023,RAJKOT_CENTROID,22.3039,70.8022,district_centroid_fallback
GUJ_RAJKOT_2023_2024,Rajkot,2023,2024,RAJKOT_CENTROID,22.3039,70.8022,district_centroid_fallback
GUJ_SABARKANTHA_2020_2021,Sabarkantha,2020,2021,SABARKANTHA_CENTROID,23.6042,72.963,district_centroid_fallback
GUJ_SABARKANTHA_2021_2022,Sabarkantha,2021,2022,SABARKANTHA_CENTROID,23.6042,72.963,district_centroid_fallback
GUJ_SABARKANTHA_2022_2023,Sabarkantha,2022,2023,SABARKANTHA_CENTROID,23.6042,72.963,district_centroid_fallback
GUJ_SABARKANTHA_2023_2024,Sabarkantha,2023,2024,SABARKANTHA_CENTROID,23.6042,72.963,district_centroid_fallback
GUJ_SURAT_2020_2021,Surat,2020,2021,SURAT_CENTROID,21.1702,72.8311,district_centroid_fallback
GUJ_SURAT_2021_2022,Surat,2021,2022,SURAT_CENTROID,21.1702,72.8311,district_centroid_fallback
GUJ_SURAT_2022_2023,Surat,2022,2023,SURAT_CENTROID,21.1702,72.8311,district_centroid_fallback
GUJ_SURAT_2023_2024,Surat,2023,2024,SURAT_CENTROID,21.1702,72.8311,district_centroid_fallback
GUJ_SURENDRANAGAR_2020_2021,Surendranagar,2020,2021,Field03,23.2061933,72.39261113,real_farm_coordinate
GUJ_SURENDRANAGAR_2020_2021,Surendranagar,2020,2021,Field05,23.21124653,72.40388274,real_farm_coordinate
GUJ_SURENDRANAGAR_2021_2022,Surendranagar,2021,2022,Field03,23.2061933,72.39261113,real_farm_coordinate
GUJ_SURENDRANAGAR_2021_2022,Surendranagar,2021,2022,Field05,23.21124653,72.40388274,real_farm_coordinate
GUJ_SURENDRANAGAR_2022_2023,Surendranagar,2022,2023,Field03,23.2061933,72.39261113,real_farm_coordinate
GUJ_SURENDRANAGAR_2022_2023,Surendranagar,2022,2023,Field05,23.21124653,72.40388274,real_farm_coordinate
GUJ_SURENDRANAGAR_2023_2024,Surendranagar,2023,2024,Field03,23.2061933,72.39261113,real_farm_coordinate
GUJ_SURENDRANAGAR_2023_2024,Surendranagar,2023,2024,Field05,23.21124653,72.40388274,real_farm_coordinate
GUJ_TAPI_2020_2021,Tapi,2020,2021,TAPI_CENTROID,21.278,73.5832,district_centroid_fallback
GUJ_TAPI_2021_2022,Tapi,2021,2022,TAPI_CENTROID,21.278,73.5832,district_centroid_fallback
GUJ_TAPI_2022_2023,Tapi,2022,2023,TAPI_CENTROID,21.278,73.5832,district_centroid_fallback
GUJ_TAPI_2023_2024,Tapi,2023,2024,TAPI_CENTROID,21.278,73.5832,district_centroid_fallback
GUJ_VADODARA_2020_2021,Vadodara,2020,2021,VADODARA_CENTROID,22.3072,73.1812,district_centroid_fallback
GUJ_VADODARA_2021_2022,Vadodara,2021,2022,VADODARA_CENTROID,22.3072,73.1812,district_centroid_fallback
GUJ_VADODARA_2022_2023,Vadodara,2022,2023,VADODARA_CENTROID,22.3072,73.1812,district_centroid_fallback
GUJ_VADODARA_2023_2024,Vadodara,2023,2024,VADODARA_CENTROID,22.3072,73.1812,district_centroid_fallback
GUJ_VALSAD_2020_2021,Valsad,2020,2021,VALSAD_CENTROID,20.623,72.9271,district_centroid_fallback
GUJ_VALSAD_2021_2022,Valsad,2021,2022,VALSAD_CENTROID,20.623,72.9271,district_centroid_fallback
GUJ_VALSAD_2022_2023,Valsad,2022,2023,VALSAD_CENTROID,20.623,72.9271,district_centroid_fallback
GUJ_VALSAD_2023_2024,Valsad,2023,2024,VALSAD_CENTROID,20.623,72.9271,district_centroid_fallback
GUJ_AHMEDABAD_2024_2025,Ahmedabad,2024,2025,Field04,22.91838831,72.54314104,real_farm_coordinate
GUJ_AHMEDABAD_2024_2025,Ahmedabad,2024,2025,Field06,22.93904242,72.43619763,real_farm_coordinate
GUJ_AHMEDABAD_2024_2025,Ahmedabad,2024,2025,Field07,22.92338075,72.68122852,real_farm_coordinate
GUJ_AMRELI_2024_2025,Amreli,2024,2025,AMRELI_CENTROID,21.6032,71.2221,district_centroid_fallback
GUJ_ANAND_2024_2025,Anand,2024,2025,ANAND_CENTROID,22.5645,72.9289,district_centroid_fallback
GUJ_ARVALLI_2024_2025,Arvalli,2024,2025,ARVALLI_CENTROID,23.1156,73.0017,district_centroid_fallback
GUJ_BANASKANTHA_2024_2025,Banaskantha,2024,2025,BANASKANTHA_CENTROID,24.1747,72.4331,district_centroid_fallback
GUJ_BHARUCH_2024_2025,Bharuch,2024,2025,BHARUCH_CENTROID,21.7051,72.9959,district_centroid_fallback
GUJ_BHAVNAGAR_2024_2025,Bhavnagar,2024,2025,BHAVNAGAR_CENTROID,21.7645,72.1519,district_centroid_fallback
GUJ_BOTAD_2024_2025,Botad,2024,2025,BOTAD_CENTROID,22.1692,71.6663,district_centroid_fallback
GUJ_CHHOTA_UDEPUR_2024_2025,Chhota Udepur,2024,2025,CHHOTA UDEPUR_CENTROID,22.3085,74.0123,district_centroid_fallback
GUJ_DAHOD_2024_2025,Dahod,2024,2025,DAHOD_CENTROID,22.8379,74.2531,district_centroid_fallback
GUJ_DANGS_2024_2025,Dangs,2024,2025,DANGS_CENTROID,20.7577,73.6869,district_centroid_fallback
GUJ_DEVBHOOMI_DWARKA_2024_2025,Devbhoomi Dwarka,2024,2025,DEVBHOOMI DWARKA_CENTROID,22.238,69.343,district_centroid_fallback
GUJ_GANDHINAGAR_2024_2025,Gandhinagar,2024,2025,Field08,22.97967092,72.77288693,real_farm_coordinate
GUJ_GIR_SOMNATH_2024_2025,Gir Somnath,2024,2025,GIR SOMNATH_CENTROID,20.9129,70.3679,district_centroid_fallback
GUJ_JAMNAGAR_2024_2025,Jamnagar,2024,2025,JAMNAGAR_CENTROID,22.4707,70.0577,district_centroid_fallback
GUJ_JUNAGADH_2024_2025,Junagadh,2024,2025,JUNAGADH_CENTROID,21.5222,70.4579,district_centroid_fallback
GUJ_KACHCHH_2024_2025,Kachchh,2024,2025,KACHCHH_CENTROID,23.7337,69.8597,district_centroid_fallback
GUJ_KHEDA_2024_2025,Kheda,2024,2025,KHEDA_CENTROID,22.75,72.7,district_centroid_fallback
GUJ_MAHISAGAR_2024_2025,Mahisagar,2024,2025,MAHISAGAR_CENTROID,22.8463,73.608,district_centroid_fallback
GUJ_MEHSANA_2024_2025,Mehsana,2024,2025,Field01,22.92042415,72.78983693,real_farm_coordinate
GUJ_MEHSANA_2024_2025,Mehsana,2024,2025,Field02,23.01462017,72.80167142,real_farm_coordinate
GUJ_MORBI_2024_2025,Morbi,2024,2025,MORBI_CENTROID,22.8119,70.8236,district_centroid_fallback
GUJ_NARMADA_2024_2025,Narmada,2024,2025,NARMADA_CENTROID,21.869,73.7125,district_centroid_fallback
GUJ_NAVSARI_2024_2025,Navsari,2024,2025,NAVSARI_CENTROID,20.9467,72.952,district_centroid_fallback
GUJ_PANCHMAHAL_2024_2025,Panchmahal,2024,2025,PANCHMAHAL_CENTROID,22.7726,73.6149,district_centroid_fallback
GUJ_PATAN_2024_2025,Patan,2024,2025,PATAN_CENTROID,23.8507,72.1266,district_centroid_fallback
GUJ_PORBANDAR_2024_2025,Porbandar,2024,2025,PORBANDAR_CENTROID,21.6425,69.6093,district_centroid_fallback
GUJ_RAJKOT_2024_2025,Rajkot,2024,2025,RAJKOT_CENTROID,22.3039,70.8022,district_centroid_fallback
GUJ_SABARKANTHA_2024_2025,Sabarkantha,2024,2025,SABARKANTHA_CENTROID,23.6042,72.963,district_centroid_fallback
GUJ_SURAT_2024_2025,Surat,2024,2025,SURAT_CENTROID,21.1702,72.8311,district_centroid_fallback
GUJ_SURENDRANAGAR_2024_2025,Surendranagar,2024,2025,Field03,23.2061933,72.39261113,real_farm_coordinate
GUJ_SURENDRANAGAR_2024_2025,Surendranagar,2024,2025,Field05,23.21124653,72.40388274,real_farm_coordinate
GUJ_TAPI_2024_2025,Tapi,2024,2025,TAPI_CENTROID,21.278,73.5832,district_centroid_fallback
GUJ_VADODARA_2024_2025,Vadodara,2024,2025,VADODARA_CENTROID,22.3072,73.1812,district_centroid_fallback
GUJ_VALSAD_2024_2025,Valsad,2024,2025,VALSAD_CENTROID,20.623,72.9271,district_centroid_fallback
