feature,importance
cat__district_Valsad,0.48450978612782253
num__lon,0.09785401429322443
num__tmin_mean,0.06291706834622349
cat__district_Bharuch,0.06029442205968029
cat__district_Gir Somnath,0.03644438164552812
num__evi_slope,0.0354043553102546
cat__district_Devbhoomi Dwarka,0.03539692783200249
cat__district_Panchmahal,0.026739345117088986
num__ndre_slope,0.026427403743943943
num__rain_sum,0.02330686730846144
cat__district_Amreli,0.013807002910017284
num__lat,0.010834761599335024
cat__district_Ahmedabad,0.010599049344267529
cat__district_Gandhinagar,0.009971778636767972
num__ndvi_max,0.0099060299316338
num__ndre_mean,0.008059249322679094
num__heat_stress_days,0.006119522975693583
num__evi_last,0.005187094758813742
cat__district_Surat,0.004516277609533453
num__ndvi_last,0.004274700980541765
cat__district_Patan,0.004041620967057824
num__gdd_cum,0.003689327571466657
cat__district_Kachchh,0.0033685436954103034
num__max_tmax_c,0.002999615459634687
cat__district_Dahod,0.0017565287308454487
cat__district_Botad,0.0017273730972955385
cat__district_Vadodara,0.001667260881328766
num__evi_mean,0.0013896284036021694
cat__district_Dangs,0.0012356131825347018
num__ndvi_mean,0.0010899975646940427
cat__district_Sabarkantha,0.0007949952541775618
num__gdd_norm,0.0007928048393721888
num__ndvi_slope,0.0007729668939947328
cat__district_Chhota Udepur,0.0006451449359610246
num__tmax_mean,0.0005983061481959802
cat__district_Mahisagar,0.000494656590113573
num__ndre_last,0.00021733421330706148
cat__district_Porbandar,0.00014824171749415984
cat__district_Mehsana,0.0
cat__district_Morbi,0.0
cat__district_Narmada,0.0
cat__district_Navsari,0.0
cat__district_Rajkot,0.0
cat__district_Surendranagar,0.0
cat__district_Tapi,0.0
cat__crop_name_wheat,0.0
cat__district_Kheda,0.0
num__stage_start_das,0.0
cat__district_Junagadh,0.0
num__image_saturation_mean_stage_avg,0.0
num__stage_index,0.0
num__stage_order,0.0
num__crop_duration_days,0.0
num__image_green_pixel_ratio_stage_avg,0.0
num__image_canopy_density_proxy_stage_avg,0.0
num__image_vegetation_pixel_ratio_stage_avg,0.0
num__image_brightness_mean_stage_avg,0.0
num__image_texture_proxy_stage_avg,0.0
cat__district_Jamnagar,0.0
num__image_count_stage,0.0
num__image_coverage_flag,0.0
num__stage_end_das,0.0
cat__district_Anand,0.0
cat__district_Arvalli,0.0
cat__district_Banaskantha,0.0
cat__district_Bhavnagar,0.0
cat__season_type_Rabi,0.0
