epoch,train_loss,val_loss,val_rmse
1,0.9555741420813969,0.8550515174865723,723.739013671875
2,0.8528583645820618,0.7226152420043945,665.33349609375
3,0.690725924713271,0.5043360590934753,555.8349609375
4,0.4299228010433061,0.2641850411891937,402.2906799316406
5,0.22378749240721976,0.18057279288768768,332.5921936035156
6,0.17778548811163222,0.11534915119409561,265.8232727050781
7,0.08598138804414443,0.06536271423101425,200.1017608642578
8,0.059809823387435505,0.035346128046512604,147.14883422851562
9,0.03967656291622136,0.04077997803688049,158.05540466308594
10,0.03547392160232578,0.04977220296859741,174.61410522460938
11,0.03257942199707031,0.04682685807347298,169.36875915527344
12,0.03083365862923009,0.027628958225250244,130.09722900390625
13,0.023720453892435347,0.0390964150428772,154.75839233398438
14,0.02467039187571832,0.03263409063220024,141.3909454345703
15,0.02056560678673642,0.02832144871354103,131.717529296875
16,0.02098652920020478,0.028249118477106094,131.54920959472656
17,0.022664890491536686,0.02428852953016758,121.97938537597656
18,0.02213049733213016,0.027060726657509804,128.75245666503906
19,0.022137850522994995,0.03347191959619522,143.19442749023438
20,0.029060299774365767,0.03752143681049347,151.6092071533203
21,0.02324939545776163,0.03393850848078728,144.18905639648438
22,0.032938612824571986,0.032659947872161865,141.4469451904297
23,0.020434043636279448,0.032669179141521454,141.46693420410156
24,0.030750976875424385,0.031430598348379135,138.75930786132812
25,0.02359873043107135,0.053889647126197815,181.69317626953125
26,0.0246811466557639,0.028871634975075722,132.99078369140625
27,0.020857454843020866,0.022429879754781723,117.21934509277344
28,0.019080341128366336,0.020985279232263565,113.38179779052734
29,0.01959314968969141,0.02653425931930542,127.49390411376953
30,0.019807683104383095,0.03304269164800644,142.27334594726562
31,0.019300117157399654,0.02980939857661724,135.13333129882812
32,0.016538618930748532,0.029164539650082588,133.6636962890625
33,0.019231047348252366,0.025661181658506393,125.37886047363281
34,0.015586780833213456,0.02674589678645134,128.00131225585938
35,0.015726428212864057,0.03268824517726898,141.5082244873047
36,0.018640212581626008,0.035671550780534744,147.8246612548828
37,0.015176635368594102,0.03253959119319916,141.1860809326172
38,0.018763663912458078,0.03631886839866638,149.15988159179688
39,0.013779517329697098,0.04143760725855827,159.32473754882812
40,0.012580782574202334,0.028937825933098793,133.14312744140625
41,0.014597635050969464,0.03396635502576828,144.2481689453125
42,0.01156300209861781,0.04200669378042221,160.41506958007812
43,0.013399235604863082,0.04134153947234154,159.13990783691406
