fold_validation_year,train_years,kind,name,n_train,n,mae,rmse,mape,r2,status,message
2021,2020,model,RandomForestRegressor,297,297,233.4695030303027,317.4634331796948,7.284789540513353,0.84148376382951,ok,
2021,2020,model,GradientBoostingRegressor,297,297,246.10231296728605,327.6384253345145,7.551411454006956,0.8311597468340788,ok,
2021,2020,model,HistGradientBoostingRegressor,297,297,577.963822583625,825.5485801133328,16.297429494946467,-0.07194278193914938,ok,
2021,2020,model,LightGBMRegressor,297,297,129.85718919357734,176.5841241444258,4.08569424784725,0.9509555751482944,ok,
2021,2020,model,XGBoostRegressor,297,297,323.54806058145135,467.62428309291363,9.94879655433903,0.6560617751148576,ok,
2021,2020,baseline,Baseline A: district historical mean,297,297,124.92666666666662,181.32235395125508,3.920808736699005,0.9482882742312163,ok,
2021,2020,baseline,Baseline B: persistence (last known year),297,297,124.92666666666662,181.32235395125508,3.920808736699005,0.9482882742312163,ok,
2021,2020,baseline,Baseline C: district identity only,297,297,177.7709012434974,211.2687362849331,5.515408875788511,0.9297968169351595,ok,
2022,"2020,2021",model,RandomForestRegressor,594,297,137.4181259259258,191.12106997543142,4.391105174198051,0.937626858830235,ok,
2022,"2020,2021",model,GradientBoostingRegressor,594,297,169.53945422775075,205.7420362356484,5.452882161346561,0.9277186013911078,ok,
2022,"2020,2021",model,HistGradientBoostingRegressor,594,297,347.5828413607727,541.5339173338645,10.104495829366872,0.4992374930954019,ok,
2022,"2020,2021",model,LightGBMRegressor,594,297,147.40862160684907,198.4080064810933,4.745742592330977,0.9327799444686756,ok,
2022,"2020,2021",model,XGBoostRegressor,594,297,146.70113023468943,195.1840496063508,4.832507652043924,0.934946730504874,ok,
2022,"2020,2021",baseline,Baseline A: district historical mean,594,297,145.61151515151514,193.896247470995,4.641141460751747,0.9358023267294768,ok,
2022,"2020,2021",baseline,Baseline B: persistence (last known year),594,297,136.32515151515148,190.2267983144585,4.420203182657119,0.9382091916554328,ok,
2022,"2020,2021",baseline,Baseline C: district identity only,594,297,178.72377251672347,216.13696215002153,5.6978644211278695,0.9202301884603763,ok,
2023,"2020,2021,2022",model,RandomForestRegressor,891,297,99.21649225589213,141.52373772866204,3.263858717394611,0.9654893148278776,ok,
2023,"2020,2021,2022",model,GradientBoostingRegressor,891,297,104.47072171811034,132.93725607599185,3.3762546418965687,0.9695499210856814,ok,
2023,"2020,2021,2022",model,HistGradientBoostingRegressor,891,297,103.42553932283954,142.47864238595207,3.432589786535915,0.965022035043354,ok,
2023,"2020,2021,2022",model,LightGBMRegressor,891,297,96.25528543690585,133.518265005719,3.166771802245052,0.9692831722500033,ok,
2023,"2020,2021,2022",model,XGBoostRegressor,891,297,100.6008905427464,141.10279848286822,3.3556142559376294,0.9656943023172201,ok,
2023,"2020,2021,2022",baseline,Baseline A: district historical mean,891,297,70.29010101010104,90.54197792366789,2.283884622629637,0.9858747885781316,ok,
2023,"2020,2021,2022",baseline,Baseline B: persistence (last known year),891,297,74.61393939393938,105.31973912085446,2.5516866388557142,0.9808876297054085,ok,
2023,"2020,2021,2022",baseline,Baseline C: district identity only,891,297,119.72303964281782,141.56509419351065,3.8460925947108473,0.9654691422618167,ok,
