epoch,loss,accuracy,val_loss,val_accuracy
1,0.6855384111404419,0.810202956199646,0.3252619802951813,0.9219948649406433
2,0.3029531240463257,0.9347229599952698,0.2015811949968338,0.9475703239440918
3,0.2120201289653778,0.9550191760063171,0.1833857148885727,0.9398977160453796
4,0.1636476218700409,0.964070200920105,0.11921808868646622,0.9693094491958618
5,0.13883934915065765,0.9712013006210327,0.12469984591007233,0.9629155993461609
6,0.12369922548532486,0.9687328338623047,0.09647498279809952,0.9757032990455627
7,0.10072404146194458,0.9813494086265564,0.06722994893789291,0.9872123003005981
8,0.09296515583992004,0.9797037839889526,0.07702670246362686,0.9808183908462524
9,0.08310616761445999,0.9824464917182922,0.0524744838476181,0.9872123003005981
10,0.07871870696544647,0.9788809418678284,0.058605749160051346,0.9910485744476318
11,0.07672001421451569,0.9816237092018127,0.05674092471599579,0.9897698163986206
12,0.06976135820150375,0.9868348836898804,0.049233559519052505,0.9897698163986206
13,0.06504838168621063,0.9840921759605408,0.037505123764276505,0.9923273921012878
14,0.06389254331588745,0.9851892590522766,0.04858963191509247,0.9833759665489197
15,0.055436257272958755,0.98957759141922,0.04376581683754921,0.9859334826469421
16,0.05542384460568428,0.9860120415687561,0.04176488518714905,0.9884910583496094
17,0.05108385533094406,0.98957759141922,0.03356484696269035,0.9910485744476318
18,0.052436135709285736,0.9860120415687561,0.033367641270160675,0.9897698163986206
19,0.04735509678721428,0.9882062673568726,0.031270936131477356,0.9910485744476318
20,0.04809777811169624,0.9879319667816162,0.04058859869837761,0.9884910583496094
21,0.05010551959276199,0.9887548089027405,0.04227558150887489,0.9872123003005981
22,0.04611402750015259,0.9884805083274841,0.03310634195804596,0.9936061501502991
23,0.04573714733123779,0.9898518919944763,0.02674216404557228,0.9936061501502991
24,0.048092879354953766,0.9879319667816162,0.02604047767817974,0.9948849081993103
25,0.04316064342856407,0.9912232756614685,0.02821936644613743,0.9923273921012878
26,0.04255058616399765,0.9906747341156006,0.027981562539935112,0.9936061501502991
27,0.04266327619552612,0.9909489750862122,0.02721255086362362,0.9923273921012878
28,0.04298238828778267,0.9906747341156006,0.027683796361088753,0.9936061501502991
29,0.046113885939121246,0.98957759141922,0.027779286727309227,0.9936061501502991
